Çç,11,2023-03-16 16:50:05
Çç,11,2023-03-16 16:50:05
Çç,11,2023-03-16 17:20:09
Çç,11,2023-03-16 17:20:09
Çç,11,2023-03-16 17:20:09
Çç,10,2023-03-16 17:50:01
Çç,10,2023-03-16 17:50:01
Çç,10,2023-03-16 17:50:01
Çç,10,2023-03-16 18:21:03
Çç,10,2023-03-16 18:21:03
Çç,10,2023-03-16 18:21:03
Çç,9,2023-03-16 18:49:57
Çç,9,2023-03-16 18:49:57
Çç,9,2023-03-16 18:49:57
Çç,9,2023-03-16 19:20:15
Çç,9,2023-03-16 19:20:15
Çç,9,2023-03-16 19:20:15
Çç,5,2023-03-17 10:51:41
Çç,5,2023-03-17 10:51:41
Çç,5,2023-03-17 11:21:04
Çç,5,2023-03-17 11:50:12
Çç,5,2023-03-17 11:50:12
Çç,5,2023-03-17 12:20:51
Çç,6,2023-03-17 12:50:21
Çç,6,2023-03-17 12:50:21
Çç,6,2023-03-17 13:20:39
Çç,8,2023-03-17 13:50:22
Çç,8,2023-03-17 13:50:22
Çç,8,2023-03-17 14:20:04
Çç,8,2023-03-17 14:50:01
Çç,8,2023-03-17 14:50:01
Çç,8,2023-03-17 15:20:38
Çç,10,2023-03-17 15:50:29
Çç,10,2023-03-17 15:50:29
Çç,10,2023-03-17 16:20:32
Çç,9,2023-03-17 16:50:16
Çç,9,2023-03-17 16:50:16
Çç,9,2023-03-17 17:20:18
ö²,9,2023-03-17 17:50:24
ö²,9,2023-03-17 17:50:24
ö²,9,2023-03-17 18:21:03
Çç,8,2023-03-17 18:50:15
Çç,8,2023-03-17 18:50:15
Çç,8,2023-03-17 19:20:54
Çç,7,2023-03-17 19:49:49
Çç,7,2023-03-17 19:49:49
Çç,7,2023-03-17 20:19:50
ö²,7,2023-03-17 20:50:23
ö²,7,2023-03-17 20:50:23
ö²,7,2023-03-17 21:20:44
ö²,5,2023-03-17 21:50:35
ö²,5,2023-03-17 21:50:35
ö²,5,2023-03-17 22:20:31
ö²,4,2023-03-17 22:50:23
ö²,4,2023-03-17 22:50:23
ö²,4,2023-03-17 23:20:20
ö²,3,2023-03-17 23:50:22
ö²,3,2023-03-17 23:50:22
Çç,12,2023-03-18 10:49:43
Çç,12,2023-03-18 10:49:43
Çç,12,2023-03-18 11:21:07
Çç,14,2023-03-18 11:50:40
Çç,17,2023-03-18 14:50:23
Çç,17,2023-03-18 15:19:53
Çç,17,2023-03-18 15:19:53
Çç,17,2023-03-18 15:50:23
Çç,17,2023-03-18 16:20:38
Çç,17,2023-03-18 16:20:38
Çç,17,2023-03-18 16:49:56
Çç,17,2023-03-18 17:20:35
Çç,17,2023-03-18 17:20:35
Çç,16,2023-03-18 17:50:41
Çç,16,2023-03-18 18:21:21
Çç,16,2023-03-18 18:21:21
Çç,14,2023-03-18 18:50:09
Çç,14,2023-03-18 19:20:37
Çç,14,2023-03-18 19:20:37
Çç,13,2023-03-18 19:50:36
Çç,13,2023-03-18 20:20:29
Çç,13,2023-03-18 20:20:29
Çç,11,2023-03-18 20:50:27
Çç,11,2023-03-18 21:20:41
Çç,11,2023-03-18 21:20:41
Çç,9,2023-03-18 21:49:51
Çç,9,2023-03-18 22:20:36
Çç,9,2023-03-18 22:20:36
Çç,11,2023-03-18 22:50:10
Çç,11,2023-03-18 23:20:20
Çç,11,2023-03-18 23:20:20
Çç,10,2023-03-18 23:50:09
Çç,10,2023-03-19 00:20:29
Çç,12,2023-03-19 12:20:20
Çç,14,2023-03-19 12:50:45
Çç,14,2023-03-19 13:21:05
Çç,14,2023-03-19 13:21:05
ö²,14,2023-03-19 13:49:52
ö²,14,2023-03-19 14:19:50
ö²,14,2023-03-19 14:19:50
ö²,14,2023-03-19 14:49:36
ö²,14,2023-03-19 15:20:45
ö²,14,2023-03-19 15:20:45
ö²,15,2023-03-19 15:49:57
ö²,15,2023-03-19 16:20:51
ö²,15,2023-03-19 16:20:51
Çç,15,2023-03-19 16:50:08
Çç,15,2023-03-19 17:20:25
Çç,15,2023-03-19 17:20:25
Çç,13,2023-03-19 17:50:33
Çç,13,2023-03-19 18:23:05
Çç,13,2023-03-19 18:23:05
ö²,12,2023-03-19 18:50:39
ö²,12,2023-03-19 19:20:51
ö²,12,2023-03-19 19:20:51
ö²,12,2023-03-19 19:50:02
ö²,12,2023-03-19 20:20:05
ö²,11,2023-03-19 20:50:19
ö²,11,2023-03-19 20:50:19
ö²,11,2023-03-19 21:20:32
ö²,10,2023-03-19 21:50:13
ö²,10,2023-03-19 21:50:13
ö²,10,2023-03-19 22:19:53
ö²,10,2023-03-19 22:50:42
ö²,10,2023-03-19 22:50:42
ö²,10,2023-03-19 23:20:42
ö²,9,2023-03-19 23:49:49
ö²,11,2023-03-20 10:49:38
ö²,11,2023-03-20 11:20:36
ö²,12,2023-03-20 11:50:12
ö²,12,2023-03-20 11:50:12
ö²,12,2023-03-20 12:20:43
ö²,14,2023-03-20 12:50:27
ö²,14,2023-03-20 12:50:27
ö²,14,2023-03-20 13:20:25
ö²,15,2023-03-20 13:50:22
ö²,15,2023-03-20 13:50:22
ö²,15,2023-03-20 14:20:36
ö²,16,2023-03-20 14:50:14
ö²,16,2023-03-20 14:50:14
ö²,16,2023-03-20 15:20:54
ö²,16,2023-03-20 15:50:09
ö²,16,2023-03-20 15:50:09
ö²,16,2023-03-20 16:20:03
ö²,16,2023-03-20 16:49:46
ö²,16,2023-03-20 16:49:46
ö²,16,2023-03-20 17:20:57
ö²,16,2023-03-20 17:50:24
ö²,16,2023-03-20 17:50:24
ö²,16,2023-03-20 18:21:20
ö²,14,2023-03-20 18:50:40
ö²,14,2023-03-20 18:50:40
ö²,14,2023-03-20 19:20:07
ö²,13,2023-03-20 19:50:37
ö²,13,2023-03-20 19:50:37
ö²,13,2023-03-20 20:20:07
ö²,11,2023-03-20 20:50:36
ö²,11,2023-03-20 20:50:36
ö²,11,2023-03-20 21:20:40
ö²,10,2023-03-20 21:50:43
ö²,10,2023-03-20 21:50:43
ö²,10,2023-03-20 22:20:26
ö²,9,2023-03-20 22:50:34
ö²,9,2023-03-20 22:50:34
ö²,9,2023-03-20 23:20:12
ö²,8,2023-03-20 23:50:30
ö²,8,2023-03-20 23:50:30
ö²,13,2023-03-21 11:50:23
ö²,13,2023-03-21 12:20:35
ö²,13,2023-03-21 12:20:35
ö²,14,2023-03-21 12:50:37
ö²,14,2023-03-21 13:20:21
ö²,14,2023-03-21 13:20:21
ö²,15,2023-03-21 13:49:46
ö²,15,2023-03-21 14:19:36
ö²,15,2023-03-21 14:19:36
ö²,16,2023-03-21 14:49:56
ö²,16,2023-03-21 15:20:06
ö²,16,2023-03-21 15:20:06
ö²,16,2023-03-21 15:49:44
ö²,17,2023-03-21 16:20:25
ö²,17,2023-03-21 16:20:25
ö²,17,2023-03-21 16:50:06
ö²,17,2023-03-21 17:19:53
ö²,17,2023-03-21 17:19:53
ö²,17,2023-03-21 17:50:36
ö²,15,2023-03-21 18:21:24
ö²,15,2023-03-21 18:21:24
ö²,15,2023-03-21 18:50:33
ö²,14,2023-03-21 19:20:35
ö²,14,2023-03-21 19:20:35
ö²,14,2023-03-21 19:49:50
ö²,14,2023-03-21 20:20:33
ö²,14,2023-03-21 20:20:33
ö²,14,2023-03-21 20:49:56
Ð¡Óê,16,2023-03-21 21:20:30
Ð¡Óê,16,2023-03-21 21:20:30
Ð¡Óê,16,2023-03-21 21:50:30
ö²,14,2023-03-21 22:19:45
ö²,14,2023-03-21 22:19:45
ö²,14,2023-03-21 22:50:23
ö²,13,2023-03-21 23:20:15
ö²,13,2023-03-21 23:20:15
ö²,13,2023-03-21 23:49:43
ö²,13,2023-03-22 12:20:41
ö²,13,2023-03-22 12:50:07
ö²,13,2023-03-22 12:50:07
ö²,14,2023-03-22 13:20:07
ö²,14,2023-03-22 13:50:31
ö²,14,2023-03-22 13:50:31
ö²,15,2023-03-22 14:20:14
¸¡³¾,15,2023-03-22 14:50:11
¸¡³¾,15,2023-03-22 14:50:11
ö²,16,2023-03-22 15:20:20
ö²,16,2023-03-22 15:50:07
ö²,16,2023-03-22 15:50:07
Çç,16,2023-03-22 16:20:26
¶àÔÆ,16,2023-03-22 16:50:18
¶àÔÆ,16,2023-03-22 16:50:18
Çç,15,2023-03-22 17:20:25
Òõ,15,2023-03-22 17:50:31
Òõ,15,2023-03-22 17:50:31
Çç,14,2023-03-22 18:20:38
¶àÔÆ,14,2023-03-22 18:50:06
¶àÔÆ,14,2023-03-22 18:50:06
Çç,13,2023-03-22 19:19:42
Òõ,13,2023-03-22 19:50:01
Òõ,13,2023-03-22 19:50:01
Çç,13,2023-03-22 20:20:23
Òõ,13,2023-03-22 20:49:45
Òõ,13,2023-03-22 20:49:45
¶àÔÆ,12,2023-03-22 21:50:42
Çç,11,2023-03-22 22:20:33
Çç,11,2023-03-22 22:20:33
Òõ,11,2023-03-22 22:50:26
Çç,10,2023-03-22 23:20:32
Òõ,9,2023-03-23 00:49:43
¶àÔÆ,10,2023-03-23 12:49:55
¶àÔÆ,10,2023-03-23 12:49:55
Çç,10,2023-03-23 13:20:31
¶àÔÆ,10,2023-03-23 13:50:28
¶àÔÆ,10,2023-03-23 13:50:28
Çç,11,2023-03-23 14:20:43
Òõ,11,2023-03-23 14:49:39
Òõ,11,2023-03-23 14:49:39
Çç,12,2023-03-23 15:20:36
¶àÔÆ,12,2023-03-23 15:50:29
¶àÔÆ,12,2023-03-23 15:50:29
Çç,12,2023-03-23 16:19:45
¶àÔÆ,12,2023-03-23 16:49:57
¶àÔÆ,12,2023-03-23 16:49:57
Çç,12,2023-03-23 17:19:45
Òõ,12,2023-03-23 17:49:52
Òõ,12,2023-03-23 17:49:52
Çç,12,2023-03-23 18:20:54
Òõ,12,2023-03-23 18:50:37
Òõ,12,2023-03-23 18:50:37
Çç,11,2023-03-23 19:20:41
Òõ,11,2023-03-23 19:50:35
Òõ,11,2023-03-23 19:50:35
Çç,9,2023-03-23 20:20:39
Òõ,9,2023-03-23 20:50:24
Òõ,9,2023-03-23 20:50:24
Çç,10,2023-03-23 21:20:04
Òõ,10,2023-03-23 21:50:03
Òõ,10,2023-03-23 21:50:03
Çç,9,2023-03-23 22:20:25
Òõ,9,2023-03-23 22:49:40
Òõ,9,2023-03-23 22:49:40
Çç,8,2023-03-23 23:20:25
Òõ,9,2023-03-24 12:50:17
Òõ,9,2023-03-24 12:50:17
Çç,10,2023-03-24 13:20:45
Òõ,10,2023-03-24 13:50:24
Òõ,10,2023-03-24 13:50:24
Çç,10,2023-03-24 14:20:41
Òõ,10,2023-03-24 14:50:10
Òõ,10,2023-03-24 14:50:10
Çç,11,2023-03-24 15:20:29
Òõ,11,2023-03-24 15:50:00
Òõ,11,2023-03-24 15:50:00
Çç,12,2023-03-24 16:20:19
¶àÔÆ,12,2023-03-24 16:49:56
¶àÔÆ,12,2023-03-24 16:49:56
Çç,11,2023-03-24 17:20:09
¶àÔÆ,11,2023-03-24 17:50:25
¶àÔÆ,11,2023-03-24 17:50:25
Çç,11,2023-03-24 18:20:08
¶àÔÆ,11,2023-03-24 18:50:00
¶àÔÆ,11,2023-03-24 18:50:00
Çç,10,2023-03-24 19:20:06
Çç,10,2023-03-24 19:50:40
Çç,10,2023-03-24 19:50:40
Çç,9,2023-03-24 20:20:19
Çç,9,2023-03-24 20:50:33
Çç,9,2023-03-24 20:50:33
Çç,8,2023-03-24 21:20:15
¶àÔÆ,8,2023-03-24 21:50:37
¶àÔÆ,8,2023-03-24 21:50:37
Çç,7,2023-03-24 22:20:23
¶àÔÆ,7,2023-03-24 22:49:42
¶àÔÆ,7,2023-03-24 22:49:42
Çç,6,2023-03-24 23:20:38
¶àÔÆ,6,2023-03-24 23:50:20
¶àÔÆ,6,2023-03-24 23:50:20
Çç,5,2023-03-25 00:20:39
Òõ,5,2023-03-25 00:49:50
Çç,16,2023-04-11 19:09:07
Çç,16,2023-04-11 19:39:02
Çç,16,2023-04-11 20:09:00
Çç,16,2023-04-11 20:09:00
Çç,15,2023-04-11 20:38:59
Çç,15,2023-04-11 21:08:59
Çç,15,2023-04-11 21:08:59
Çç,15,2023-04-11 21:39:00
Çç,14,2023-04-11 22:09:00
Çç,14,2023-04-11 22:09:00
Çç,14,2023-04-11 22:39:01
Çç,13,2023-04-11 23:09:02
Çç,13,2023-04-11 23:09:02
Çç,13,2023-04-11 23:39:00
Çç,12,2023-04-12 00:09:02
Çç,12,2023-04-12 00:09:02
Çç,12,2023-04-12 00:39:00
Çç,11,2023-04-12 01:09:02
Çç,11,2023-04-12 01:09:02
Çç,10,2023-04-12 01:38:58
Çç,9,2023-04-12 02:08:58
Çç,9,2023-04-12 02:08:58
Çç,8,2023-04-12 02:38:57
Çç,8,2023-04-12 03:08:56
Çç,17,2023-04-12 11:09:01
ÑïÉ³,18,2023-04-12 11:39:01
ÑïÉ³,18,2023-04-12 11:39:01
¸¡³¾,18,2023-04-12 12:09:06
¸¡³¾,19,2023-04-12 12:38:58
¸¡³¾,19,2023-04-12 12:38:58
ÑïÉ³,19,2023-04-12 13:08:59
ÑïÉ³,20,2023-04-12 13:39:05
ÑïÉ³,20,2023-04-12 13:39:05
ÑïÉ³,20,2023-04-12 14:08:58
ÑïÉ³,21,2023-04-12 14:39:05
ÑïÉ³,21,2023-04-12 14:39:05
ÑïÉ³,21,2023-04-12 15:08:59
ÑïÉ³,21,2023-04-12 15:39:03
ÑïÉ³,21,2023-04-12 15:39:03
ÑïÉ³,21,2023-04-12 16:09:03
ÑïÉ³,21,2023-04-12 16:39:03
ÑïÉ³,21,2023-04-12 16:39:03
ÑïÉ³,20,2023-04-12 17:09:05
ÑïÉ³,20,2023-04-12 17:39:00
ÑïÉ³,20,2023-04-12 17:39:00
ÑïÉ³,20,2023-04-12 18:09:02
ÑïÉ³,19,2023-04-12 18:39:04
ÑïÉ³,19,2023-04-12 18:39:04
ÑïÉ³,18,2023-04-12 19:09:06
Òõ,20,2023-04-12 19:39:07
Òõ,20,2023-04-12 19:39:07
ÑïÉ³,17,2023-04-12 20:09:01
ÑïÉ³,17,2023-04-12 20:39:06
ÑïÉ³,17,2023-04-12 20:39:06
ÑïÉ³,17,2023-04-12 21:09:05
¸¡³¾,17,2023-04-12 21:39:04
¸¡³¾,17,2023-04-12 21:39:04
¸¡³¾,16,2023-04-12 22:09:00
¸¡³¾,16,2023-04-12 22:39:01
¸¡³¾,16,2023-04-12 22:39:01
ÑïÉ³,19,2023-04-14 11:39:09
ÑïÉ³,19,2023-04-14 12:09:10
ÑïÉ³,19,2023-04-14 12:09:10
ÑïÉ³,20,2023-04-14 12:39:09
ÑïÉ³,20,2023-04-14 13:09:09
ÑïÉ³,20,2023-04-14 13:09:09
ÑïÉ³,20,2023-04-14 13:39:06
ÑïÉ³,20,2023-04-14 14:09:09
ÑïÉ³,20,2023-04-14 14:09:09
ÑïÉ³,20,2023-04-14 14:39:15
Çç,18,2023-04-14 21:39:00
Çç,17,2023-04-14 22:08:57
Çç,17,2023-04-14 22:08:57
Çç,15,2023-04-14 22:39:01
Çç,13,2023-04-14 23:08:58
Çç,13,2023-04-14 23:08:58
Çç,16,2023-04-14 23:39:02
Çç,14,2023-04-15 00:09:01
Çç,14,2023-04-15 00:09:01
Çç,14,2023-04-15 00:38:59
Çç,14,2023-04-15 01:09:00
Çç,14,2023-04-15 01:09:00
Çç,9,2023-04-15 01:39:00
Çç,8,2023-04-15 02:08:58
Çç,18,2023-04-15 11:09:00
Çç,18,2023-04-15 11:38:57
Çç,18,2023-04-15 12:09:02
Çç,18,2023-04-15 12:09:02
Çç,18,2023-04-15 12:38:58
Çç,18,2023-04-15 13:08:59
Çç,19,2023-04-15 18:39:02
Çç,18,2023-04-15 19:08:59
Çç,18,2023-04-15 19:08:59
Çç,18,2023-04-15 19:39:00
¶àÔÆ,18,2023-04-16 19:38:57
¶àÔÆ,18,2023-04-16 19:38:57
¶àÔÆ,18,2023-04-16 20:08:59
¶àÔÆ,17,2023-04-16 20:39:05
¶àÔÆ,17,2023-04-16 20:39:05
¶àÔÆ,17,2023-04-16 21:08:58
¶àÔÆ,17,2023-04-16 21:38:57
¶àÔÆ,17,2023-04-16 21:38:57
¶àÔÆ,16,2023-04-16 22:08:56
¶àÔÆ,16,2023-04-16 22:39:02
¶àÔÆ,16,2023-04-16 22:39:02
¶àÔÆ,15,2023-04-16 23:08:54
¶àÔÆ,15,2023-04-16 23:38:53
¶àÔÆ,15,2023-04-16 23:38:53
¶àÔÆ,14,2023-04-17 00:08:56
¶àÔÆ,21,2023-04-17 16:08:56
¶àÔÆ,21,2023-04-17 16:38:57
¶àÔÆ,21,2023-04-17 16:38:57
¶àÔÆ,21,2023-04-17 17:08:58
¶àÔÆ,20,2023-04-17 17:38:55
¶àÔÆ,20,2023-04-17 17:38:55
Òõ,20,2023-04-17 18:08:57
Òõ,20,2023-04-17 18:38:58
Òõ,20,2023-04-17 18:38:58
Òõ,19,2023-04-17 19:09:06
Òõ,19,2023-04-17 19:39:04
Òõ,19,2023-04-17 19:39:04
Òõ,19,2023-04-17 20:08:58
Òõ,18,2023-04-17 20:39:02
Òõ,18,2023-04-17 20:39:02
Òõ,17,2023-04-17 21:08:57
Òõ,16,2023-04-17 21:38:59
Òõ,16,2023-04-17 21:38:59
Òõ,15,2023-04-17 22:08:56
¶àÔÆ,15,2023-04-17 22:38:55
¶àÔÆ,15,2023-04-17 22:38:55
¶àÔÆ,14,2023-04-17 23:08:57
¶àÔÆ,15,2023-04-17 23:39:05
¶àÔÆ,15,2023-04-17 23:39:05
¶àÔÆ,15,2023-04-18 00:08:55
¶àÔÆ,13,2023-04-18 00:38:57
¶àÔÆ,13,2023-04-18 00:38:57
¶àÔÆ,13,2023-04-18 01:08:59
¶àÔÆ,13,2023-04-18 01:38:56
¶àÔÆ,13,2023-04-18 01:38:56
¶àÔÆ,12,2023-04-18 02:08:57
¶àÔÆ,11,2023-04-18 02:38:55
Çç,25,2023-04-18 12:39:01
Çç,25,2023-04-18 13:08:56
Çç,25,2023-04-18 13:08:56
Çç,26,2023-04-18 13:38:56
Çç,26,2023-04-18 14:09:01
Çç,26,2023-04-18 14:09:01
Çç,26,2023-04-18 14:39:00
Çç,26,2023-04-18 15:08:57
Çç,26,2023-04-18 15:08:57
Çç,27,2023-04-18 15:38:59
Çç,27,2023-04-18 16:08:56
Çç,27,2023-04-18 16:08:56
Çç,27,2023-04-18 16:38:57
Çç,26,2023-04-18 17:08:55
Çç,26,2023-04-18 17:08:55
Çç,26,2023-04-18 17:39:04
Çç,26,2023-04-18 18:08:58
Çç,26,2023-04-18 18:08:58
Çç,25,2023-04-18 18:38:55
Çç,24,2023-04-18 19:09:04
Çç,24,2023-04-18 19:09:04
Çç,22,2023-04-18 19:38:58
Çç,20,2023-04-18 20:08:56
Çç,20,2023-04-18 20:08:56
Çç,19,2023-04-18 20:39:03
Çç,18,2023-04-18 21:08:58
Çç,18,2023-04-18 21:08:58
Çç,17,2023-04-18 21:38:57
Çç,17,2023-04-18 22:08:57
Çç,17,2023-04-18 22:08:57
Çç,16,2023-04-18 22:39:07
Çç,15,2023-04-18 23:08:57
Çç,15,2023-04-18 23:08:57
Çç,14,2023-04-18 23:38:56
Çç,13,2023-04-19 00:09:04
Çç,13,2023-04-19 00:09:04
Çç,13,2023-04-19 00:38:56
Çç,14,2023-04-19 01:08:57
Çç,14,2023-04-19 01:08:57
Çç,14,2023-04-19 01:38:56
Çç,24,2023-04-19 13:08:56
Çç,24,2023-04-19 13:08:56
Çç,25,2023-04-19 13:38:59
Çç,25,2023-04-19 14:08:56
Çç,25,2023-04-19 14:08:56
¶àÔÆ,25,2023-04-19 14:39:04
¶àÔÆ,26,2023-04-19 15:08:56
¶àÔÆ,26,2023-04-19 15:08:56
¶àÔÆ,26,2023-04-19 15:39:02
¶àÔÆ,26,2023-04-19 16:08:55
¶àÔÆ,26,2023-04-19 16:08:55
¶àÔÆ,26,2023-04-19 16:39:02
¶àÔÆ,26,2023-04-19 17:08:57
¶àÔÆ,26,2023-04-19 17:08:57
¶àÔÆ,25,2023-04-19 17:38:58
¶àÔÆ,24,2023-04-19 18:08:57
¶àÔÆ,24,2023-04-19 18:08:57
Òõ,24,2023-04-19 18:38:58
Òõ,23,2023-04-19 19:09:07
Òõ,23,2023-04-19 19:09:07
Òõ,23,2023-04-19 19:39:05
Òõ,23,2023-04-19 20:08:56
Òõ,23,2023-04-19 20:08:56
Òõ,22,2023-04-19 20:38:57
Òõ,21,2023-04-19 21:08:56
Òõ,21,2023-04-19 21:08:56
¶àÔÆ,22,2023-04-19 21:39:00
¶àÔÆ,23,2023-04-19 22:08:55
¶àÔÆ,23,2023-04-19 22:08:55
¶àÔÆ,22,2023-04-19 22:38:57
¶àÔÆ,22,2023-04-19 23:08:56
¶àÔÆ,22,2023-04-19 23:08:56
ÑïÉ³,22,2023-04-19 23:38:55
ÑïÉ³,20,2023-04-20 00:08:55
ÑïÉ³,20,2023-04-20 00:08:55
ÑïÉ³,20,2023-04-20 00:38:59
¶àÔÆ,18,2023-04-20 11:38:58
¶àÔÆ,18,2023-04-20 11:38:58
¶àÔÆ,18,2023-04-20 12:09:01
¶àÔÆ,17,2023-04-20 12:38:59
¶àÔÆ,17,2023-04-20 12:38:59
¶àÔÆ,17,2023-04-20 13:08:57
Òõ,17,2023-04-20 13:39:00
Òõ,17,2023-04-20 13:39:00
¶àÔÆ,17,2023-04-20 14:08:59
