«Á,0,2023-03-16 16:17:26
«Á,0,2023-03-16 16:47:26
«Á,0,2023-03-16 16:47:26
«Á,0,2023-03-16 17:17:34
«Á,0,2023-03-16 17:17:34
«Á,0,2023-03-16 17:17:34
«Á,0,2023-03-16 17:47:32
«Á,0,2023-03-16 17:47:32
«Á,0,2023-03-16 17:47:32
«Á,0,2023-03-16 18:17:42
«Á,0,2023-03-16 18:17:42
«Á,0,2023-03-16 18:17:42
«Á,-1,2023-03-16 18:47:25
«Á,-1,2023-03-16 18:47:25
«Á,-1,2023-03-16 18:47:25
«Á,-1,2023-03-16 19:17:30
«Á,-1,2023-03-16 19:17:30
«Á,-1,2023-03-16 19:17:30
«Á,0,2023-03-17 10:48:01
«Á,0,2023-03-17 11:17:51
«Á,0,2023-03-17 11:17:51
«Á,0,2023-03-17 11:47:27
«Á,0,2023-03-17 12:17:34
«Á,0,2023-03-17 12:17:34
«Á,1,2023-03-17 12:47:28
«Á,1,2023-03-17 13:17:30
«Á,1,2023-03-17 13:17:30
«Á,3,2023-03-17 13:47:33
«Á,3,2023-03-17 14:17:24
«Á,3,2023-03-17 14:17:24
«Á,4,2023-03-17 14:47:25
«Á,4,2023-03-17 15:17:26
«Á,4,2023-03-17 15:17:26
«Á,5,2023-03-17 15:47:38
«Á,5,2023-03-17 16:17:29
«Á,5,2023-03-17 16:17:29
«Á,5,2023-03-17 16:47:36
«Á,5,2023-03-17 17:17:26
«Á,5,2023-03-17 17:17:26
«Á,4,2023-03-17 17:47:27
«Á,4,2023-03-17 17:47:27
«Á,4,2023-03-17 18:17:34
«Á,2,2023-03-17 18:47:27
«Á,2,2023-03-17 18:47:27
«Á,2,2023-03-17 19:17:42
«Á,0,2023-03-17 19:47:27
«Á,0,2023-03-17 19:47:27
«Á,0,2023-03-17 20:17:27
«Á,-1,2023-03-17 20:47:39
«Á,-1,2023-03-17 20:47:39
«Á,-1,2023-03-17 21:17:28
«Á,-1,2023-03-17 21:47:28
«Á,-1,2023-03-17 21:47:28
«Á,-1,2023-03-17 22:17:28
«Á,-3,2023-03-17 22:47:39
«Á,-3,2023-03-17 22:47:39
«Á,-3,2023-03-17 23:17:26
«Á,-4,2023-03-17 23:47:37
«Á,-4,2023-03-17 23:47:37
«Á,3,2023-03-18 10:47:25
«Á,3,2023-03-18 10:47:25
«Á,3,2023-03-18 11:17:32
«Á,5,2023-03-18 11:47:26
«Á,8,2023-03-18 14:47:41
«Á,8,2023-03-18 15:17:26
«Á,8,2023-03-18 15:17:26
«Á,8,2023-03-18 15:47:31
«Á,8,2023-03-18 16:17:34
«Á,8,2023-03-18 16:17:34
«Á,8,2023-03-18 16:47:35
«Á,8,2023-03-18 17:17:37
«Á,8,2023-03-18 17:17:37
«Á,8,2023-03-18 17:47:28
«Á,8,2023-03-18 18:17:44
«Á,8,2023-03-18 18:17:44
«Á,5,2023-03-18 18:47:36
«Á,5,2023-03-18 19:17:42
«Á,5,2023-03-18 19:17:42
«Á,4,2023-03-18 19:47:27
«Á,4,2023-03-18 20:17:35
«Á,4,2023-03-18 20:17:35
«Á,3,2023-03-18 20:47:32
«Á,3,2023-03-18 21:17:41
«Á,3,2023-03-18 21:17:41
«Á,2,2023-03-18 21:47:26
«Á,2,2023-03-18 22:17:37
«Á,2,2023-03-18 22:17:37
«Á,3,2023-03-18 22:47:27
«Á,3,2023-03-18 23:17:36
«Á,3,2023-03-18 23:17:36
«Á,2,2023-03-18 23:47:36
«Á,2,2023-03-19 00:17:35
«Á,9,2023-03-19 12:17:40
«Á,11,2023-03-19 12:47:27
«Á,11,2023-03-19 13:17:41
«Á,11,2023-03-19 13:17:41
«Á,12,2023-03-19 13:47:25
«Á,12,2023-03-19 14:17:26
«Á,12,2023-03-19 14:17:26
«Á,13,2023-03-19 14:47:24
«Á,13,2023-03-19 15:17:27
«Á,13,2023-03-19 15:17:27
«Á,13,2023-03-19 15:47:30
«Á,13,2023-03-19 16:17:35
«Á,13,2023-03-19 16:17:35
«Á,13,2023-03-19 16:47:26
«Á,13,2023-03-19 17:17:32
«Á,13,2023-03-19 17:17:32
«Á,12,2023-03-19 17:47:43
«Á,12,2023-03-19 18:17:46
«Á,12,2023-03-19 18:17:46
«Á,10,2023-03-19 18:47:25
«Á,10,2023-03-19 19:17:32
«Á,10,2023-03-19 19:17:32
«Á,8,2023-03-19 19:47:39
«Á,8,2023-03-19 20:17:27
ˆ≤,8,2023-03-19 20:47:38
ˆ≤,8,2023-03-19 20:47:38
ˆ≤,8,2023-03-19 21:17:38
«Á,8,2023-03-19 21:47:27
«Á,8,2023-03-19 21:47:27
«Á,8,2023-03-19 22:17:29
«Á,8,2023-03-19 22:47:34
«Á,8,2023-03-19 22:47:34
«Á,8,2023-03-19 23:17:43
«Á,8,2023-03-19 23:47:27
ˆ≤,9,2023-03-20 10:47:25
ˆ≤,9,2023-03-20 11:17:33
ˆ≤,11,2023-03-20 11:47:26
ˆ≤,11,2023-03-20 11:47:26
ˆ≤,11,2023-03-20 12:17:27
ˆ≤,12,2023-03-20 12:47:26
ˆ≤,12,2023-03-20 12:47:26
ˆ≤,12,2023-03-20 13:17:45
ˆ≤,14,2023-03-20 13:47:35
ˆ≤,14,2023-03-20 13:47:35
ˆ≤,14,2023-03-20 14:17:35
ˆ≤,14,2023-03-20 14:47:37
ˆ≤,14,2023-03-20 14:47:37
ˆ≤,14,2023-03-20 15:17:40
«Á,15,2023-03-20 15:47:25
«Á,15,2023-03-20 15:47:25
«Á,15,2023-03-20 16:17:26
«Á,14,2023-03-20 16:47:27
«Á,14,2023-03-20 16:47:27
«Á,14,2023-03-20 17:17:48
«Á,14,2023-03-20 17:47:34
«Á,14,2023-03-20 17:47:34
«Á,14,2023-03-20 18:17:43
«Á,12,2023-03-20 18:47:40
«Á,12,2023-03-20 18:47:40
«Á,12,2023-03-20 19:17:28
«Á,11,2023-03-20 19:47:38
«Á,11,2023-03-20 19:47:38
«Á,11,2023-03-20 20:17:28
ˆ≤,11,2023-03-20 20:47:44
ˆ≤,11,2023-03-20 20:47:44
ˆ≤,11,2023-03-20 21:17:30
ˆ≤,10,2023-03-20 21:47:27
ˆ≤,10,2023-03-20 21:47:27
ˆ≤,10,2023-03-20 22:17:31
ˆ≤,10,2023-03-20 22:47:26
ˆ≤,10,2023-03-20 22:47:26
ˆ≤,10,2023-03-20 23:17:39
ˆ≤,9,2023-03-20 23:47:26
ˆ≤,9,2023-03-20 23:47:26
ˆ≤,11,2023-03-21 11:47:25
ˆ≤,11,2023-03-21 12:17:36
ˆ≤,11,2023-03-21 12:17:36
«Á,13,2023-03-21 12:47:44
«Á,13,2023-03-21 13:17:35
«Á,13,2023-03-21 13:17:35
«Á,14,2023-03-21 13:47:24
«Á,14,2023-03-21 14:17:24
«Á,14,2023-03-21 14:17:24
∂‡‘∆,14,2023-03-21 14:47:30
«Á,15,2023-03-21 15:17:34
«Á,15,2023-03-21 15:17:34
“ı,15,2023-03-21 15:47:28
«Á,14,2023-03-21 16:17:25
«Á,14,2023-03-21 16:17:25
∂‡‘∆,14,2023-03-21 16:47:26
«Á,13,2023-03-21 17:17:24
«Á,13,2023-03-21 17:17:24
∂‡‘∆,13,2023-03-21 17:47:39
«Á,12,2023-03-21 18:17:31
«Á,12,2023-03-21 18:17:31
∂‡‘∆,12,2023-03-21 18:47:26
«Á,7,2023-03-21 19:17:27
«Á,7,2023-03-21 19:17:27
∂‡‘∆,7,2023-03-21 19:47:39
ˆ≤,4,2023-03-21 20:17:39
ˆ≤,4,2023-03-21 20:17:39
ˆ≤,4,2023-03-21 20:47:34
ˆ≤,11,2023-03-21 21:17:35
ˆ≤,11,2023-03-21 21:17:35
ˆ≤,11,2023-03-21 21:47:38
ˆ≤,11,2023-03-21 22:17:26
ˆ≤,11,2023-03-21 22:17:26
ˆ≤,11,2023-03-21 22:47:25
ˆ≤,10,2023-03-21 23:17:31
ˆ≤,10,2023-03-21 23:17:31
ˆ≤,10,2023-03-21 23:47:31
ˆ≤,8,2023-03-22 12:17:26
ˆ≤,8,2023-03-22 12:47:26
ˆ≤,8,2023-03-22 12:47:26
ˆ≤,8,2023-03-22 13:17:33
ˆ≤,8,2023-03-22 13:47:39
ˆ≤,8,2023-03-22 13:47:39
ˆ≤,7,2023-03-22 14:17:32
ˆ≤,7,2023-03-22 14:47:33
ˆ≤,7,2023-03-22 14:47:33
ˆ≤,7,2023-03-22 15:17:26
ˆ≤,7,2023-03-22 15:47:37
ˆ≤,7,2023-03-22 15:47:37
ˆ≤,6,2023-03-22 16:17:26
ˆ≤,6,2023-03-22 16:47:36
ˆ≤,6,2023-03-22 16:47:36
ˆ≤,5,2023-03-22 17:17:37
ˆ≤,5,2023-03-22 17:47:38
ˆ≤,5,2023-03-22 17:47:38
ˆ≤,4,2023-03-22 18:17:37
ˆ≤,4,2023-03-22 18:47:28
ˆ≤,4,2023-03-22 18:47:28
ˆ≤,4,2023-03-22 19:17:25
ˆ≤,4,2023-03-22 19:47:30
ˆ≤,4,2023-03-22 19:47:30
ˆ≤,3,2023-03-22 20:17:26
ˆ≤,3,2023-03-22 20:47:27
ˆ≤,3,2023-03-22 20:47:27
ˆ≤,2,2023-03-22 21:47:26
«Á,2,2023-03-22 22:17:33
«Á,2,2023-03-22 22:17:33
«Á,2,2023-03-22 22:47:38
«Á,1,2023-03-22 23:17:41
«Á,0,2023-03-23 00:47:33
«Á,0,2023-03-23 12:47:32
«Á,0,2023-03-23 12:47:32
«Á,0,2023-03-23 13:17:34
∂‡‘∆,0,2023-03-23 13:47:36
∂‡‘∆,0,2023-03-23 13:47:36
«Á,0,2023-03-23 14:17:29
“ı,0,2023-03-23 14:47:25
“ı,0,2023-03-23 14:47:25
«Á,0,2023-03-23 15:17:35
∂‡‘∆,0,2023-03-23 15:47:36
∂‡‘∆,0,2023-03-23 15:47:36
«Á,0,2023-03-23 16:17:34
∂‡‘∆,0,2023-03-23 16:47:34
∂‡‘∆,0,2023-03-23 16:47:34
«Á,0,2023-03-23 17:17:26
∂‡‘∆,0,2023-03-23 17:47:33
∂‡‘∆,0,2023-03-23 17:47:33
«Á,-1,2023-03-23 18:17:32
∂‡‘∆,-1,2023-03-23 18:47:31
∂‡‘∆,-1,2023-03-23 18:47:31
«Á,-1,2023-03-23 19:17:27
∂‡‘∆,-1,2023-03-23 19:47:35
∂‡‘∆,-1,2023-03-23 19:47:35
«Á,-2,2023-03-23 20:17:43
∂‡‘∆,-2,2023-03-23 20:47:39
∂‡‘∆,-2,2023-03-23 20:47:39
«Á,-3,2023-03-23 21:17:25
“ı,-3,2023-03-23 21:47:29
“ı,-3,2023-03-23 21:47:29
«Á,-4,2023-03-23 22:17:26
“ı,-4,2023-03-23 22:47:30
“ı,-4,2023-03-23 22:47:30
«Á,-4,2023-03-23 23:17:37
∂‡‘∆,0,2023-03-24 12:47:30
∂‡‘∆,0,2023-03-24 12:47:30
«Á,1,2023-03-24 13:17:38
∂‡‘∆,1,2023-03-24 13:47:38
∂‡‘∆,1,2023-03-24 13:47:38
«Á,2,2023-03-24 14:17:36
∂‡‘∆,2,2023-03-24 14:47:35
∂‡‘∆,2,2023-03-24 14:47:35
«Á,1,2023-03-24 15:17:25
∂‡‘∆,1,2023-03-24 15:47:26
∂‡‘∆,1,2023-03-24 15:47:26
«Á,1,2023-03-24 16:17:38
∂‡‘∆,1,2023-03-24 16:47:27
∂‡‘∆,1,2023-03-24 16:47:27
«Á,1,2023-03-24 17:17:27
∂‡‘∆,1,2023-03-24 17:47:36
∂‡‘∆,1,2023-03-24 17:47:36
«Á,0,2023-03-24 18:17:31
“ı,0,2023-03-24 18:47:27
“ı,0,2023-03-24 18:47:27
«Á,-1,2023-03-24 19:17:39
“ı,-1,2023-03-24 19:47:27
“ı,-1,2023-03-24 19:47:27
«Á,-2,2023-03-24 20:17:34
∂‡‘∆,-2,2023-03-24 20:47:36
∂‡‘∆,-2,2023-03-24 20:47:36
«Á,-2,2023-03-24 21:17:39
“ı,-2,2023-03-24 21:47:29
“ı,-2,2023-03-24 21:47:29
«Á,-3,2023-03-24 22:17:26
“ı,-3,2023-03-24 22:47:35
“ı,-3,2023-03-24 22:47:35
«Á,-4,2023-03-24 23:17:43
“ı,-4,2023-03-24 23:47:25
“ı,-4,2023-03-24 23:47:25
“ı,-4,2023-03-25 00:17:36
“ı,-4,2023-03-25 00:47:33
«Á,3,2023-04-11 19:31:29
«Á,3,2023-04-11 19:31:29
«Á,3,2023-04-11 20:01:28
«Á,3,2023-04-11 20:31:29
«Á,3,2023-04-11 20:31:29
«Á,3,2023-04-11 21:01:28
«Á,3,2023-04-11 21:31:28
«Á,3,2023-04-11 21:31:28
«Á,2,2023-04-11 22:01:28
«Á,2,2023-04-11 22:31:30
«Á,2,2023-04-11 22:31:30
—Ô…≥,2,2023-04-11 23:01:29
—Ô…≥,1,2023-04-11 23:31:31
—Ô…≥,1,2023-04-11 23:31:31
—Ô…≥,2,2023-04-12 00:01:30
—Ô…≥,2,2023-04-12 00:31:29
—Ô…≥,2,2023-04-12 00:31:29
—Ô…≥,1,2023-04-12 01:01:27
∏°≥æ,1,2023-04-12 01:31:27
∏°≥æ,1,2023-04-12 01:31:27
∏°≥æ,1,2023-04-12 02:01:28
∏°≥æ,1,2023-04-12 02:31:27
∏°≥æ,1,2023-04-12 02:31:27
—Ô…≥,1,2023-04-12 03:01:28
∂‡‘∆,5,2023-04-12 11:01:27
∂‡‘∆,6,2023-04-12 11:31:31
∂‡‘∆,6,2023-04-12 11:31:31
∂‡‘∆,7,2023-04-12 12:01:35
∂‡‘∆,8,2023-04-12 12:31:28
∂‡‘∆,8,2023-04-12 12:31:28
∂‡‘∆,8,2023-04-12 13:01:28
«Á,8,2023-04-12 13:31:36
«Á,8,2023-04-12 13:31:36
«Á,9,2023-04-12 14:01:28
∂‡‘∆,9,2023-04-12 14:31:34
∂‡‘∆,9,2023-04-12 14:31:34
∂‡‘∆,9,2023-04-12 15:01:28
∂‡‘∆,9,2023-04-12 15:31:31
∂‡‘∆,9,2023-04-12 15:31:31
∂‡‘∆,9,2023-04-12 16:01:28
∂‡‘∆,9,2023-04-12 16:31:31
∂‡‘∆,9,2023-04-12 16:31:31
∂‡‘∆,9,2023-04-12 17:01:28
∂‡‘∆,9,2023-04-12 17:31:28
∂‡‘∆,9,2023-04-12 17:31:28
∂‡‘∆,8,2023-04-12 18:01:28
«Á,7,2023-04-12 18:31:30
«Á,7,2023-04-12 18:31:30
«Á,6,2023-04-12 19:01:31
«Á,6,2023-04-12 19:31:32
«Á,6,2023-04-12 19:31:32
«Á,5,2023-04-12 20:01:28
«Á,5,2023-04-12 20:31:30
«Á,5,2023-04-12 20:31:30
«Á,3,2023-04-12 21:01:28
«Á,5,2023-04-12 21:31:33
«Á,5,2023-04-12 21:31:33
«Á,4,2023-04-12 22:01:28
«Á,4,2023-04-12 22:31:29
«Á,4,2023-04-12 22:31:29
«Á,9,2023-04-14 11:31:29
«Á,9,2023-04-14 12:01:32
«Á,9,2023-04-14 12:01:32
«Á,10,2023-04-14 12:31:29
«Á,10,2023-04-14 13:01:29
«Á,10,2023-04-14 13:01:29
«Á,11,2023-04-14 13:31:31
«Á,10,2023-04-14 14:01:28
«Á,10,2023-04-14 14:01:28
«Á,11,2023-04-14 14:31:34
«Á,4,2023-04-14 21:31:31
«Á,3,2023-04-14 22:01:27
«Á,3,2023-04-14 22:31:30
«Á,3,2023-04-14 22:31:30
«Á,3,2023-04-14 23:01:28
«Á,3,2023-04-14 23:31:29
«Á,3,2023-04-14 23:31:29
«Á,3,2023-04-15 00:01:27
«Á,2,2023-04-15 00:31:31
«Á,2,2023-04-15 00:31:31
«Á,2,2023-04-15 01:01:28
«Á,2,2023-04-15 01:31:32
«Á,2,2023-04-15 01:31:32
«Á,2,2023-04-15 02:01:27
«Á,11,2023-04-15 11:31:27
«Á,11,2023-04-15 11:31:27
∂‡‘∆,11,2023-04-15 12:01:31
∂‡‘∆,12,2023-04-15 12:31:28
∂‡‘∆,12,2023-04-15 12:31:28
∂‡‘∆,12,2023-04-15 13:01:28
«Á,11,2023-04-15 18:31:28
«Á,10,2023-04-15 19:01:27
«Á,9,2023-04-15 19:31:28
«Á,9,2023-04-15 19:31:28
«Á,7,2023-04-16 19:31:27
«Á,7,2023-04-16 20:01:28
«Á,7,2023-04-16 20:01:28
«Á,7,2023-04-16 20:31:33
«Á,6,2023-04-16 21:01:27
«Á,6,2023-04-16 21:01:27
«Á,6,2023-04-16 21:31:27
«Á,6,2023-04-16 22:01:27
«Á,6,2023-04-16 22:01:27
«Á,5,2023-04-16 22:31:32
«Á,5,2023-04-16 23:01:27
«Á,5,2023-04-16 23:01:27
«Á,4,2023-04-16 23:31:27
«Á,4,2023-04-17 00:01:28
«Á,4,2023-04-17 00:01:28
∂‡‘∆,15,2023-04-17 16:01:27
∂‡‘∆,15,2023-04-17 16:31:28
∂‡‘∆,15,2023-04-17 16:31:28
∂‡‘∆,15,2023-04-17 17:01:28
∂‡‘∆,15,2023-04-17 17:31:27
∂‡‘∆,15,2023-04-17 17:31:27
∂‡‘∆,15,2023-04-17 18:01:27
∂‡‘∆,14,2023-04-17 18:31:29
∂‡‘∆,14,2023-04-17 18:31:29
∂‡‘∆,12,2023-04-17 19:01:35
∂‡‘∆,12,2023-04-17 19:31:34
∂‡‘∆,12,2023-04-17 19:31:34
∂‡‘∆,11,2023-04-17 20:01:29
∂‡‘∆,10,2023-04-17 20:31:34
∂‡‘∆,10,2023-04-17 20:31:34
∂‡‘∆,10,2023-04-17 21:01:28
∂‡‘∆,10,2023-04-17 21:31:27
∂‡‘∆,10,2023-04-17 21:31:27
∂‡‘∆,9,2023-04-17 22:01:27
«Á,10,2023-04-17 22:31:28
«Á,10,2023-04-17 22:31:28
«Á,12,2023-04-17 23:01:28
∂‡‘∆,8,2023-04-17 23:31:34
∂‡‘∆,8,2023-04-17 23:31:34
∂‡‘∆,12,2023-04-18 00:01:27
∂‡‘∆,12,2023-04-18 00:31:28
∂‡‘∆,12,2023-04-18 00:31:28
∂‡‘∆,11,2023-04-18 01:01:28
∂‡‘∆,11,2023-04-18 01:31:29
∂‡‘∆,11,2023-04-18 01:31:29
∂‡‘∆,10,2023-04-18 02:01:27
∂‡‘∆,10,2023-04-18 02:31:28
∂‡‘∆,9,2023-04-18 12:31:32
“ı,9,2023-04-18 13:01:28
∂‡‘∆,9,2023-04-18 13:31:27
∂‡‘∆,9,2023-04-18 13:31:27
“ı,11,2023-04-18 14:01:28
∂‡‘∆,12,2023-04-18 14:31:30
∂‡‘∆,12,2023-04-18 14:31:30
“ı,13,2023-04-18 15:01:28
∂‡‘∆,13,2023-04-18 15:31:28
∂‡‘∆,13,2023-04-18 15:31:28
“ı,14,2023-04-18 16:01:28
«Á,13,2023-04-18 16:31:29
«Á,13,2023-04-18 16:31:29
«Á,13,2023-04-18 17:01:27
«Á,12,2023-04-18 17:31:34
«Á,12,2023-04-18 17:31:34
«Á,12,2023-04-18 18:01:28
«Á,11,2023-04-18 18:31:27
«Á,11,2023-04-18 18:31:27
«Á,9,2023-04-18 19:01:34
∂‡‘∆,9,2023-04-18 19:31:28
∂‡‘∆,9,2023-04-18 19:31:28
∂‡‘∆,8,2023-04-18 20:01:28
∂‡‘∆,6,2023-04-18 20:31:33
∂‡‘∆,6,2023-04-18 20:31:33
∂‡‘∆,6,2023-04-18 21:01:29
∂‡‘∆,5,2023-04-18 21:31:28
∂‡‘∆,5,2023-04-18 21:31:28
∂‡‘∆,4,2023-04-18 22:01:28
«Á,4,2023-04-18 22:31:37
«Á,4,2023-04-18 22:31:37
«Á,3,2023-04-18 23:01:28
«Á,4,2023-04-18 23:31:27
«Á,4,2023-04-18 23:31:27
«Á,4,2023-04-19 00:01:33
«Á,4,2023-04-19 00:31:28
«Á,4,2023-04-19 00:31:28
«Á,4,2023-04-19 01:01:28
«Á,3,2023-04-19 01:31:29
«Á,3,2023-04-19 01:31:29
“ı,12,2023-04-19 13:01:27
“ı,13,2023-04-19 13:31:29
“ı,13,2023-04-19 13:31:29
’Û”Í,13,2023-04-19 14:01:27
“ı,13,2023-04-19 14:31:34
“ı,13,2023-04-19 14:31:34
“ı,12,2023-04-19 15:01:28
“ı,12,2023-04-19 15:31:35
“ı,12,2023-04-19 15:31:35
“ı,11,2023-04-19 16:01:27
“ı,11,2023-04-19 16:31:33
“ı,11,2023-04-19 16:31:33
“ı,11,2023-04-19 17:01:27
“ı,11,2023-04-19 17:31:28
“ı,11,2023-04-19 17:31:28
“ı,10,2023-04-19 18:01:27
“ı,10,2023-04-19 18:31:28
“ı,10,2023-04-19 18:31:28
“ı,10,2023-04-19 19:01:37
“ı,10,2023-04-19 19:31:36
“ı,10,2023-04-19 19:31:36
“ı,10,2023-04-19 20:01:28
“ı,10,2023-04-19 20:31:28
“ı,10,2023-04-19 20:31:28
“ı,10,2023-04-19 21:01:27
“ı,9,2023-04-19 21:31:33
“ı,9,2023-04-19 21:31:33
“ı,9,2023-04-19 22:01:27
“ı,9,2023-04-19 22:31:28
“ı,9,2023-04-19 22:31:28
“ı,9,2023-04-19 23:01:28
“ı,10,2023-04-19 23:31:27
“ı,10,2023-04-19 23:31:27
“ı,14,2023-04-20 00:01:27
“ı,11,2023-04-20 00:31:28
“ı,11,2023-04-20 00:31:28
«Á,10,2023-04-20 11:31:27
«Á,10,2023-04-20 12:01:31
«Á,10,2023-04-20 12:01:31
—Ô…≥,10,2023-04-20 12:31:28
—Ô…≥,10,2023-04-20 13:01:27
—Ô…≥,10,2023-04-20 13:01:27
—Ô…≥,10,2023-04-20 13:31:28
—Ô…≥,10,2023-04-20 14:01:27
—Ô…≥,10,2023-04-20 14:01:27
