Çç,11,2023-03-16 16:20:22
Çç,11,2023-03-16 16:50:05
Çç,11,2023-03-16 16:50:05
Çç,11,2023-03-16 17:20:09
Çç,11,2023-03-16 17:20:09
Çç,11,2023-03-16 17:20:09
Çç,10,2023-03-16 17:50:01
Çç,10,2023-03-16 17:50:01
Çç,10,2023-03-16 17:50:01
Çç,10,2023-03-16 18:21:03
Çç,10,2023-03-16 18:21:03
Çç,10,2023-03-16 18:21:03
Çç,9,2023-03-16 18:49:57
Çç,9,2023-03-16 18:49:57
Çç,9,2023-03-16 18:49:57
Çç,9,2023-03-16 19:20:15
Çç,9,2023-03-16 19:20:15
Çç,9,2023-03-16 19:20:15
Çç,5,2023-03-17 10:51:41
Çç,5,2023-03-17 10:51:41
Çç,5,2023-03-17 11:21:04
Çç,5,2023-03-17 11:50:12
Çç,5,2023-03-17 11:50:12
Çç,5,2023-03-17 12:20:51
Çç,6,2023-03-17 12:50:21
Çç,6,2023-03-17 12:50:21
Çç,6,2023-03-17 13:20:39
Çç,8,2023-03-17 13:50:22
Çç,8,2023-03-17 13:50:22
Çç,8,2023-03-17 14:20:04
Çç,8,2023-03-17 14:50:01
Çç,8,2023-03-17 14:50:01
Çç,8,2023-03-17 15:20:38
Çç,10,2023-03-17 15:50:29
Çç,10,2023-03-17 15:50:29
Çç,10,2023-03-17 16:20:32
Çç,9,2023-03-17 16:50:16
Çç,9,2023-03-17 16:50:16
Çç,9,2023-03-17 17:20:18
ö²,9,2023-03-17 17:50:24
ö²,9,2023-03-17 17:50:24
ö²,9,2023-03-17 18:21:03
Çç,8,2023-03-17 18:50:15
Çç,8,2023-03-17 18:50:15
Çç,8,2023-03-17 19:20:54
Çç,7,2023-03-17 19:49:49
Çç,7,2023-03-17 19:49:49
Çç,7,2023-03-17 20:19:50
ö²,7,2023-03-17 20:50:23
ö²,7,2023-03-17 20:50:23
ö²,7,2023-03-17 21:20:44
ö²,5,2023-03-17 21:50:35
ö²,5,2023-03-17 21:50:35
ö²,5,2023-03-17 22:20:31
ö²,4,2023-03-17 22:50:23
ö²,4,2023-03-17 22:50:23
ö²,4,2023-03-17 23:20:20
ö²,3,2023-03-17 23:50:22
ö²,3,2023-03-17 23:50:22
Çç,12,2023-03-18 10:49:43
Çç,12,2023-03-18 10:49:43
Çç,12,2023-03-18 11:21:07
Çç,14,2023-03-18 11:50:40
Çç,17,2023-03-18 14:50:23
Çç,17,2023-03-18 15:19:53
Çç,17,2023-03-18 15:19:53
Çç,17,2023-03-18 15:50:23
Çç,17,2023-03-18 16:20:38
Çç,17,2023-03-18 16:20:38
Çç,17,2023-03-18 16:49:56
Çç,17,2023-03-18 17:20:35
Çç,17,2023-03-18 17:20:35
Çç,16,2023-03-18 17:50:41
Çç,16,2023-03-18 18:21:21
Çç,16,2023-03-18 18:21:21
Çç,14,2023-03-18 18:50:09
Çç,14,2023-03-18 19:20:37
Çç,14,2023-03-18 19:20:37
Çç,13,2023-03-18 19:50:36
Çç,13,2023-03-18 20:20:29
Çç,13,2023-03-18 20:20:29
Çç,11,2023-03-18 20:50:27
Çç,11,2023-03-18 21:20:41
Çç,11,2023-03-18 21:20:41
Çç,9,2023-03-18 21:49:51
Çç,9,2023-03-18 22:20:36
Çç,9,2023-03-18 22:20:36
Çç,11,2023-03-18 22:50:10
Çç,11,2023-03-18 23:20:20
Çç,11,2023-03-18 23:20:20
Çç,10,2023-03-18 23:50:09
Çç,10,2023-03-19 00:20:29
Çç,12,2023-03-19 12:20:20
Çç,14,2023-03-19 12:50:45
Çç,14,2023-03-19 13:21:05
Çç,14,2023-03-19 13:21:05
ö²,14,2023-03-19 13:49:52
ö²,14,2023-03-19 14:19:50
ö²,14,2023-03-19 14:19:50
ö²,14,2023-03-19 14:49:36
ö²,14,2023-03-19 15:20:45
ö²,14,2023-03-19 15:20:45
ö²,15,2023-03-19 15:49:57
ö²,15,2023-03-19 16:20:51
ö²,15,2023-03-19 16:20:51
Çç,15,2023-03-19 16:50:08
Çç,15,2023-03-19 17:20:25
Çç,15,2023-03-19 17:20:25
Çç,13,2023-03-19 17:50:33
Çç,13,2023-03-19 18:23:05
Çç,13,2023-03-19 18:23:05
ö²,12,2023-03-19 18:50:39
ö²,12,2023-03-19 19:20:51
ö²,12,2023-03-19 19:20:51
ö²,12,2023-03-19 19:50:02
ö²,12,2023-03-19 20:20:05
ö²,11,2023-03-19 20:50:19
ö²,11,2023-03-19 20:50:19
ö²,11,2023-03-19 21:20:32
ö²,10,2023-03-19 21:50:13
ö²,10,2023-03-19 21:50:13
ö²,10,2023-03-19 22:19:53
ö²,10,2023-03-19 22:50:42
ö²,10,2023-03-19 22:50:42
ö²,10,2023-03-19 23:20:42
ö²,9,2023-03-19 23:49:49
ö²,11,2023-03-20 10:49:38
ö²,11,2023-03-20 11:20:36
ö²,12,2023-03-20 11:50:12
ö²,12,2023-03-20 11:50:12
ö²,12,2023-03-20 12:20:43
ö²,14,2023-03-20 12:50:27
ö²,14,2023-03-20 12:50:27
ö²,14,2023-03-20 13:20:25
ö²,15,2023-03-20 13:50:22
ö²,15,2023-03-20 13:50:22
ö²,15,2023-03-20 14:20:36
ö²,16,2023-03-20 14:50:14
ö²,16,2023-03-20 14:50:14
ö²,16,2023-03-20 15:20:54
ö²,16,2023-03-20 15:50:09
ö²,16,2023-03-20 15:50:09
ö²,16,2023-03-20 16:20:03
ö²,16,2023-03-20 16:49:46
ö²,16,2023-03-20 16:49:46
ö²,16,2023-03-20 17:20:57
ö²,16,2023-03-20 17:50:24
ö²,16,2023-03-20 17:50:24
ö²,16,2023-03-20 18:21:20
ö²,14,2023-03-20 18:50:40
ö²,14,2023-03-20 18:50:40
ö²,14,2023-03-20 19:20:07
ö²,13,2023-03-20 19:50:37
ö²,13,2023-03-20 19:50:37
ö²,13,2023-03-20 20:20:07
ö²,11,2023-03-20 20:50:36
ö²,11,2023-03-20 20:50:36
ö²,11,2023-03-20 21:20:40
ö²,10,2023-03-20 21:50:43
ö²,10,2023-03-20 21:50:43
ö²,10,2023-03-20 22:20:26
ö²,9,2023-03-20 22:50:34
ö²,9,2023-03-20 22:50:34
ö²,9,2023-03-20 23:20:12
ö²,8,2023-03-20 23:50:30
ö²,8,2023-03-20 23:50:30
ö²,13,2023-03-21 11:50:23
ö²,13,2023-03-21 12:20:35
ö²,13,2023-03-21 12:20:35
ö²,14,2023-03-21 12:50:37
ö²,14,2023-03-21 13:20:21
ö²,14,2023-03-21 13:20:21
ö²,15,2023-03-21 13:49:46
ö²,15,2023-03-21 14:19:36
ö²,15,2023-03-21 14:19:36
ö²,16,2023-03-21 14:49:56
ö²,16,2023-03-21 15:20:06
ö²,16,2023-03-21 15:20:06
ö²,16,2023-03-21 15:49:44
ö²,17,2023-03-21 16:20:25
ö²,17,2023-03-21 16:20:25
ö²,17,2023-03-21 16:50:06
ö²,17,2023-03-21 17:19:53
ö²,17,2023-03-21 17:19:53
ö²,17,2023-03-21 17:50:36
ö²,15,2023-03-21 18:21:24
ö²,15,2023-03-21 18:21:24
ö²,15,2023-03-21 18:50:33
ö²,14,2023-03-21 19:20:35
ö²,14,2023-03-21 19:20:35
ö²,14,2023-03-21 19:49:50
ö²,14,2023-03-21 20:20:33
ö²,14,2023-03-21 20:20:33
ö²,14,2023-03-21 20:49:56
Ð¡Óê,16,2023-03-21 21:20:30
Ð¡Óê,16,2023-03-21 21:20:30
Ð¡Óê,16,2023-03-21 21:50:30
ö²,14,2023-03-21 22:19:45
ö²,14,2023-03-21 22:19:45
ö²,14,2023-03-21 22:50:23
ö²,13,2023-03-21 23:20:15
ö²,13,2023-03-21 23:20:15
ö²,13,2023-03-21 23:49:43
ö²,13,2023-03-22 12:20:41
ö²,13,2023-03-22 12:50:07
ö²,13,2023-03-22 12:50:07
ö²,14,2023-03-22 13:20:07
ö²,14,2023-03-22 13:50:31
ö²,14,2023-03-22 13:50:31
ö²,15,2023-03-22 14:20:14
¸¡³¾,15,2023-03-22 14:50:11
¸¡³¾,15,2023-03-22 14:50:11
ö²,16,2023-03-22 15:20:20
ö²,16,2023-03-22 15:50:07
ö²,16,2023-03-22 15:50:07
Çç,16,2023-03-22 16:20:26
¶àÔÆ,16,2023-03-22 16:50:18
¶àÔÆ,16,2023-03-22 16:50:18
Çç,15,2023-03-22 17:20:25
Òõ,15,2023-03-22 17:50:31
Òõ,15,2023-03-22 17:50:31
Çç,14,2023-03-22 18:20:38
¶àÔÆ,14,2023-03-22 18:50:06
¶àÔÆ,14,2023-03-22 18:50:06
Çç,13,2023-03-22 19:19:42
Òõ,13,2023-03-22 19:50:01
Òõ,13,2023-03-22 19:50:01
Çç,13,2023-03-22 20:20:23
Òõ,13,2023-03-22 20:49:45
Òõ,13,2023-03-22 20:49:45
¶àÔÆ,12,2023-03-22 21:50:42
Çç,11,2023-03-22 22:20:33
Çç,11,2023-03-22 22:20:33
Òõ,11,2023-03-22 22:50:26
Çç,10,2023-03-22 23:20:32
