Çç,0,2023-03-16 16:17:26
Çç,0,2023-03-16 16:47:26
Çç,0,2023-03-16 16:47:26
Çç,0,2023-03-16 17:17:34
Çç,0,2023-03-16 17:17:34
Çç,0,2023-03-16 17:17:34
Çç,0,2023-03-16 17:47:32
Çç,0,2023-03-16 17:47:32
Çç,0,2023-03-16 17:47:32
Çç,0,2023-03-16 18:17:42
Çç,0,2023-03-16 18:17:42
Çç,0,2023-03-16 18:17:42
Çç,-1,2023-03-16 18:47:25
Çç,-1,2023-03-16 18:47:25
Çç,-1,2023-03-16 18:47:25
Çç,-1,2023-03-16 19:17:30
Çç,-1,2023-03-16 19:17:30
Çç,-1,2023-03-16 19:17:30
Çç,0,2023-03-17 10:48:01
Çç,0,2023-03-17 11:17:51
Çç,0,2023-03-17 11:17:51
Çç,0,2023-03-17 11:47:27
Çç,0,2023-03-17 12:17:34
Çç,0,2023-03-17 12:17:34
Çç,1,2023-03-17 12:47:28
Çç,1,2023-03-17 13:17:30
Çç,1,2023-03-17 13:17:30
Çç,3,2023-03-17 13:47:33
Çç,3,2023-03-17 14:17:24
Çç,3,2023-03-17 14:17:24
Çç,4,2023-03-17 14:47:25
Çç,4,2023-03-17 15:17:26
Çç,4,2023-03-17 15:17:26
Çç,5,2023-03-17 15:47:38
Çç,5,2023-03-17 16:17:29
Çç,5,2023-03-17 16:17:29
Çç,5,2023-03-17 16:47:36
Çç,5,2023-03-17 17:17:26
Çç,5,2023-03-17 17:17:26
Çç,4,2023-03-17 17:47:27
Çç,4,2023-03-17 17:47:27
Çç,4,2023-03-17 18:17:34
Çç,2,2023-03-17 18:47:27
Çç,2,2023-03-17 18:47:27
Çç,2,2023-03-17 19:17:42
Çç,0,2023-03-17 19:47:27
Çç,0,2023-03-17 19:47:27
Çç,0,2023-03-17 20:17:27
Çç,-1,2023-03-17 20:47:39
Çç,-1,2023-03-17 20:47:39
Çç,-1,2023-03-17 21:17:28
Çç,-1,2023-03-17 21:47:28
Çç,-1,2023-03-17 21:47:28
Çç,-1,2023-03-17 22:17:28
Çç,-3,2023-03-17 22:47:39
Çç,-3,2023-03-17 22:47:39
Çç,-3,2023-03-17 23:17:26
Çç,-4,2023-03-17 23:47:37
Çç,-4,2023-03-17 23:47:37
Çç,3,2023-03-18 10:47:25
Çç,3,2023-03-18 10:47:25
Çç,3,2023-03-18 11:17:32
Çç,5,2023-03-18 11:47:26
Çç,8,2023-03-18 14:47:41
Çç,8,2023-03-18 15:17:26
Çç,8,2023-03-18 15:17:26
Çç,8,2023-03-18 15:47:31
Çç,8,2023-03-18 16:17:34
Çç,8,2023-03-18 16:17:34
Çç,8,2023-03-18 16:47:35
Çç,8,2023-03-18 17:17:37
Çç,8,2023-03-18 17:17:37
Çç,8,2023-03-18 17:47:28
Çç,8,2023-03-18 18:17:44
Çç,8,2023-03-18 18:17:44
Çç,5,2023-03-18 18:47:36
Çç,5,2023-03-18 19:17:42
Çç,5,2023-03-18 19:17:42
Çç,4,2023-03-18 19:47:27
Çç,4,2023-03-18 20:17:35
Çç,4,2023-03-18 20:17:35
Çç,3,2023-03-18 20:47:32
Çç,3,2023-03-18 21:17:41
Çç,3,2023-03-18 21:17:41
Çç,2,2023-03-18 21:47:26
Çç,2,2023-03-18 22:17:37
Çç,2,2023-03-18 22:17:37
Çç,3,2023-03-18 22:47:27
Çç,3,2023-03-18 23:17:36
Çç,3,2023-03-18 23:17:36
Çç,2,2023-03-18 23:47:36
Çç,2,2023-03-19 00:17:35
Çç,9,2023-03-19 12:17:40
Çç,11,2023-03-19 12:47:27
Çç,11,2023-03-19 13:17:41
Çç,11,2023-03-19 13:17:41
Çç,12,2023-03-19 13:47:25
Çç,12,2023-03-19 14:17:26
Çç,12,2023-03-19 14:17:26
Çç,13,2023-03-19 14:47:24
Çç,13,2023-03-19 15:17:27
Çç,13,2023-03-19 15:17:27
Çç,13,2023-03-19 15:47:30
Çç,13,2023-03-19 16:17:35
Çç,13,2023-03-19 16:17:35
Çç,13,2023-03-19 16:47:26
Çç,13,2023-03-19 17:17:32
Çç,13,2023-03-19 17:17:32
Çç,12,2023-03-19 17:47:43
Çç,12,2023-03-19 18:17:46
Çç,12,2023-03-19 18:17:46
Çç,10,2023-03-19 18:47:25
Çç,10,2023-03-19 19:17:32
Çç,10,2023-03-19 19:17:32
Çç,8,2023-03-19 19:47:39
Çç,8,2023-03-19 20:17:27
ö²,8,2023-03-19 20:47:38
ö²,8,2023-03-19 20:47:38
ö²,8,2023-03-19 21:17:38
Çç,8,2023-03-19 21:47:27
Çç,8,2023-03-19 21:47:27
Çç,8,2023-03-19 22:17:29
Çç,8,2023-03-19 22:47:34
Çç,8,2023-03-19 22:47:34
Çç,8,2023-03-19 23:17:43
Çç,8,2023-03-19 23:47:27
ö²,9,2023-03-20 10:47:25
ö²,9,2023-03-20 11:17:33
ö²,11,2023-03-20 11:47:26
ö²,11,2023-03-20 11:47:26
ö²,11,2023-03-20 12:17:27
ö²,12,2023-03-20 12:47:26
ö²,12,2023-03-20 12:47:26
ö²,12,2023-03-20 13:17:45
ö²,14,2023-03-20 13:47:35
ö²,14,2023-03-20 13:47:35
ö²,14,2023-03-20 14:17:35
ö²,14,2023-03-20 14:47:37
ö²,14,2023-03-20 14:47:37
ö²,14,2023-03-20 15:17:40
Çç,15,2023-03-20 15:47:25
Çç,15,2023-03-20 15:47:25
Çç,15,2023-03-20 16:17:26
Çç,14,2023-03-20 16:47:27
Çç,14,2023-03-20 16:47:27
Çç,14,2023-03-20 17:17:48
Çç,14,2023-03-20 17:47:34
Çç,14,2023-03-20 17:47:34
Çç,14,2023-03-20 18:17:43
Çç,12,2023-03-20 18:47:40
Çç,12,2023-03-20 18:47:40
Çç,12,2023-03-20 19:17:28
Çç,11,2023-03-20 19:47:38
Çç,11,2023-03-20 19:47:38
Çç,11,2023-03-20 20:17:28
ö²,11,2023-03-20 20:47:44
ö²,11,2023-03-20 20:47:44
ö²,11,2023-03-20 21:17:30
ö²,10,2023-03-20 21:47:27
ö²,10,2023-03-20 21:47:27
ö²,10,2023-03-20 22:17:31
ö²,10,2023-03-20 22:47:26
ö²,10,2023-03-20 22:47:26
ö²,10,2023-03-20 23:17:39
ö²,9,2023-03-20 23:47:26
ö²,9,2023-03-20 23:47:26
ö²,11,2023-03-21 11:47:25
ö²,11,2023-03-21 12:17:36
ö²,11,2023-03-21 12:17:36
Çç,13,2023-03-21 12:47:44
Çç,13,2023-03-21 13:17:35
Çç,13,2023-03-21 13:17:35
Çç,14,2023-03-21 13:47:24
Çç,14,2023-03-21 14:17:24
Çç,14,2023-03-21 14:17:24
¶àÔÆ,14,2023-03-21 14:47:30
Çç,15,2023-03-21 15:17:34
Çç,15,2023-03-21 15:17:34
Òõ,15,2023-03-21 15:47:28
Çç,14,2023-03-21 16:17:25
Çç,14,2023-03-21 16:17:25
¶àÔÆ,14,2023-03-21 16:47:26
Çç,13,2023-03-21 17:17:24
Çç,13,2023-03-21 17:17:24
¶àÔÆ,13,2023-03-21 17:47:39
Çç,12,2023-03-21 18:17:31
Çç,12,2023-03-21 18:17:31
¶àÔÆ,12,2023-03-21 18:47:26
Çç,7,2023-03-21 19:17:27
Çç,7,2023-03-21 19:17:27
¶àÔÆ,7,2023-03-21 19:47:39
ö²,4,2023-03-21 20:17:39
ö²,4,2023-03-21 20:17:39
ö²,4,2023-03-21 20:47:34
ö²,11,2023-03-21 21:17:35
ö²,11,2023-03-21 21:17:35
ö²,11,2023-03-21 21:47:38
ö²,11,2023-03-21 22:17:26
ö²,11,2023-03-21 22:17:26
ö²,11,2023-03-21 22:47:25
ö²,10,2023-03-21 23:17:31
ö²,10,2023-03-21 23:17:31
ö²,10,2023-03-21 23:47:31
ö²,8,2023-03-22 12:17:26
ö²,8,2023-03-22 12:47:26
ö²,8,2023-03-22 12:47:26
ö²,8,2023-03-22 13:17:33
ö²,8,2023-03-22 13:47:39
ö²,8,2023-03-22 13:47:39
ö²,7,2023-03-22 14:17:32
ö²,7,2023-03-22 14:47:33
ö²,7,2023-03-22 14:47:33
ö²,7,2023-03-22 15:17:26
ö²,7,2023-03-22 15:47:37
ö²,7,2023-03-22 15:47:37
ö²,6,2023-03-22 16:17:26
ö²,6,2023-03-22 16:47:36
ö²,6,2023-03-22 16:47:36
ö²,5,2023-03-22 17:17:37
ö²,5,2023-03-22 17:47:38
ö²,5,2023-03-22 17:47:38
ö²,4,2023-03-22 18:17:37
ö²,4,2023-03-22 18:47:28
ö²,4,2023-03-22 18:47:28
ö²,4,2023-03-22 19:17:25
ö²,4,2023-03-22 19:47:30
ö²,4,2023-03-22 19:47:30
ö²,3,2023-03-22 20:17:26
ö²,3,2023-03-22 20:47:27
ö²,3,2023-03-22 20:47:27
ö²,2,2023-03-22 21:47:26
Çç,2,2023-03-22 22:17:33
Çç,2,2023-03-22 22:17:33
Çç,2,2023-03-22 22:47:38
Çç,1,2023-03-22 23:17:41
