weather,temperature,time,location
晴,11,2023-03-16 16:20:22,Beijing3
晴,11,2023-03-16 16:50:05,Beijing3
晴,11,2023-03-16 16:50:05,Beijing3
晴,11,2023-03-16 17:20:09,Beijing3
晴,11,2023-03-16 17:20:09,Beijing3
晴,11,2023-03-16 17:20:09,Beijing3
晴,10,2023-03-16 17:50:01,Beijing3
晴,10,2023-03-16 17:50:01,Beijing3
晴,10,2023-03-16 17:50:01,Beijing3
晴,10,2023-03-16 18:21:03,Beijing3
晴,10,2023-03-16 18:21:03,Beijing3
晴,10,2023-03-16 18:21:03,Beijing3
晴,9,2023-03-16 18:49:57,Beijing3
晴,9,2023-03-16 18:49:57,Beijing3
晴,9,2023-03-16 18:49:57,Beijing3
晴,9,2023-03-16 19:20:15,Beijing3
晴,9,2023-03-16 19:20:15,Beijing3
晴,9,2023-03-16 19:20:15,Beijing3
晴,5,2023-03-17 10:51:41,Beijing3
晴,5,2023-03-17 10:51:41,Beijing3
晴,5,2023-03-17 11:21:04,Beijing3
晴,5,2023-03-17 11:50:12,Beijing3
晴,5,2023-03-17 11:50:12,Beijing3
晴,5,2023-03-17 12:20:51,Beijing3
晴,6,2023-03-17 12:50:21,Beijing3
晴,6,2023-03-17 12:50:21,Beijing3
晴,6,2023-03-17 13:20:39,Beijing3
晴,8,2023-03-17 13:50:22,Beijing3
晴,8,2023-03-17 13:50:22,Beijing3
晴,8,2023-03-17 14:20:04,Beijing3
晴,8,2023-03-17 14:50:01,Beijing3
晴,8,2023-03-17 14:50:01,Beijing3
晴,8,2023-03-17 15:20:38,Beijing3
晴,10,2023-03-17 15:50:29,Beijing3
晴,10,2023-03-17 15:50:29,Beijing3
晴,10,2023-03-17 16:20:32,Beijing3
晴,9,2023-03-17 16:50:16,Beijing3
晴,9,2023-03-17 16:50:16,Beijing3
晴,9,2023-03-17 17:20:18,Beijing3
霾,9,2023-03-17 17:50:24,Beijing3
霾,9,2023-03-17 17:50:24,Beijing3
霾,9,2023-03-17 18:21:03,Beijing3
晴,8,2023-03-17 18:50:15,Beijing3
晴,8,2023-03-17 18:50:15,Beijing3
晴,8,2023-03-17 19:20:54,Beijing3
晴,7,2023-03-17 19:49:49,Beijing3
晴,7,2023-03-17 19:49:49,Beijing3
晴,7,2023-03-17 20:19:50,Beijing3
霾,7,2023-03-17 20:50:23,Beijing3
霾,7,2023-03-17 20:50:23,Beijing3
霾,7,2023-03-17 21:20:44,Beijing3
霾,5,2023-03-17 21:50:35,Beijing3
霾,5,2023-03-17 21:50:35,Beijing3
霾,5,2023-03-17 22:20:31,Beijing3
霾,4,2023-03-17 22:50:23,Beijing3
霾,4,2023-03-17 22:50:23,Beijing3
霾,4,2023-03-17 23:20:20,Beijing3
霾,3,2023-03-17 23:50:22,Beijing3
霾,3,2023-03-17 23:50:22,Beijing3
晴,12,2023-03-18 10:49:43,Beijing3
晴,12,2023-03-18 10:49:43,Beijing3
晴,12,2023-03-18 11:21:07,Beijing3
晴,14,2023-03-18 11:50:40,Beijing3
晴,17,2023-03-18 14:50:23,Beijing3
晴,17,2023-03-18 15:19:53,Beijing3
晴,17,2023-03-18 15:19:53,Beijing3
晴,17,2023-03-18 15:50:23,Beijing3
晴,17,2023-03-18 16:20:38,Beijing3
晴,17,2023-03-18 16:20:38,Beijing3
晴,17,2023-03-18 16:49:56,Beijing3
晴,17,2023-03-18 17:20:35,Beijing3
晴,17,2023-03-18 17:20:35,Beijing3
晴,16,2023-03-18 17:50:41,Beijing3
晴,16,2023-03-18 18:21:21,Beijing3
晴,16,2023-03-18 18:21:21,Beijing3
晴,14,2023-03-18 18:50:09,Beijing3
晴,14,2023-03-18 19:20:37,Beijing3
晴,14,2023-03-18 19:20:37,Beijing3
晴,13,2023-03-18 19:50:36,Beijing3
晴,13,2023-03-18 20:20:29,Beijing3
晴,13,2023-03-18 20:20:29,Beijing3
晴,11,2023-03-18 20:50:27,Beijing3
晴,11,2023-03-18 21:20:41,Beijing3
晴,11,2023-03-18 21:20:41,Beijing3
晴,9,2023-03-18 21:49:51,Beijing3
晴,9,2023-03-18 22:20:36,Beijing3
晴,9,2023-03-18 22:20:36,Beijing3
晴,11,2023-03-18 22:50:10,Beijing3
晴,11,2023-03-18 23:20:20,Beijing3
晴,11,2023-03-18 23:20:20,Beijing3
晴,10,2023-03-18 23:50:09,Beijing3
晴,10,2023-03-19 00:20:29,Beijing3
晴,12,2023-03-19 12:20:20,Beijing3
晴,14,2023-03-19 12:50:45,Beijing3
晴,14,2023-03-19 13:21:05,Beijing3
晴,14,2023-03-19 13:21:05,Beijing3
霾,14,2023-03-19 13:49:52,Beijing3
霾,14,2023-03-19 14:19:50,Beijing3
霾,14,2023-03-19 14:19:50,Beijing3
霾,14,2023-03-19 14:49:36,Beijing3
霾,14,2023-03-19 15:20:45,Beijing3
霾,14,2023-03-19 15:20:45,Beijing3
霾,15,2023-03-19 15:49:57,Beijing3
霾,15,2023-03-19 16:20:51,Beijing3
霾,15,2023-03-19 16:20:51,Beijing3
晴,15,2023-03-19 16:50:08,Beijing3
晴,15,2023-03-19 17:20:25,Beijing3
晴,15,2023-03-19 17:20:25,Beijing3
晴,13,2023-03-19 17:50:33,Beijing3
晴,13,2023-03-19 18:23:05,Beijing3
晴,13,2023-03-19 18:23:05,Beijing3
霾,12,2023-03-19 18:50:39,Beijing3
霾,12,2023-03-19 19:20:51,Beijing3
霾,12,2023-03-19 19:20:51,Beijing3
霾,12,2023-03-19 19:50:02,Beijing3
霾,12,2023-03-19 20:20:05,Beijing3
霾,11,2023-03-19 20:50:19,Beijing3
霾,11,2023-03-19 20:50:19,Beijing3
霾,11,2023-03-19 21:20:32,Beijing3
霾,10,2023-03-19 21:50:13,Beijing3
霾,10,2023-03-19 21:50:13,Beijing3
霾,10,2023-03-19 22:19:53,Beijing3
霾,10,2023-03-19 22:50:42,Beijing3
霾,10,2023-03-19 22:50:42,Beijing3
霾,10,2023-03-19 23:20:42,Beijing3
霾,9,2023-03-19 23:49:49,Beijing3
霾,11,2023-03-20 10:49:38,Beijing3
霾,11,2023-03-20 11:20:36,Beijing3
霾,12,2023-03-20 11:50:12,Beijing3
霾,12,2023-03-20 11:50:12,Beijing3
霾,12,2023-03-20 12:20:43,Beijing3
霾,14,2023-03-20 12:50:27,Beijing3
霾,14,2023-03-20 12:50:27,Beijing3
霾,14,2023-03-20 13:20:25,Beijing3
霾,15,2023-03-20 13:50:22,Beijing3
霾,15,2023-03-20 13:50:22,Beijing3
霾,15,2023-03-20 14:20:36,Beijing3
霾,16,2023-03-20 14:50:14,Beijing3
霾,16,2023-03-20 14:50:14,Beijing3
霾,16,2023-03-20 15:20:54,Beijing3
霾,16,2023-03-20 15:50:09,Beijing3
霾,16,2023-03-20 15:50:09,Beijing3
霾,16,2023-03-20 16:20:03,Beijing3
霾,16,2023-03-20 16:49:46,Beijing3
霾,16,2023-03-20 16:49:46,Beijing3
霾,16,2023-03-20 17:20:57,Beijing3
霾,16,2023-03-20 17:50:24,Beijing3
霾,16,2023-03-20 17:50:24,Beijing3
霾,16,2023-03-20 18:21:20,Beijing3
霾,14,2023-03-20 18:50:40,Beijing3
霾,14,2023-03-20 18:50:40,Beijing3
霾,14,2023-03-20 19:20:07,Beijing3
霾,13,2023-03-20 19:50:37,Beijing3
霾,13,2023-03-20 19:50:37,Beijing3
霾,13,2023-03-20 20:20:07,Beijing3
霾,11,2023-03-20 20:50:36,Beijing3
霾,11,2023-03-20 20:50:36,Beijing3
霾,11,2023-03-20 21:20:40,Beijing3
霾,10,2023-03-20 21:50:43,Beijing3
霾,10,2023-03-20 21:50:43,Beijing3
霾,10,2023-03-20 22:20:26,Beijing3
霾,9,2023-03-20 22:50:34,Beijing3
霾,9,2023-03-20 22:50:34,Beijing3
霾,9,2023-03-20 23:20:12,Beijing3
霾,8,2023-03-20 23:50:30,Beijing3
霾,8,2023-03-20 23:50:30,Beijing3
霾,13,2023-03-21 11:50:23,Beijing3
霾,13,2023-03-21 12:20:35,Beijing3
霾,13,2023-03-21 12:20:35,Beijing3
霾,14,2023-03-21 12:50:37,Beijing3
霾,14,2023-03-21 13:20:21,Beijing3
霾,14,2023-03-21 13:20:21,Beijing3
霾,15,2023-03-21 13:49:46,Beijing3
霾,15,2023-03-21 14:19:36,Beijing3
霾,15,2023-03-21 14:19:36,Beijing3
霾,16,2023-03-21 14:49:56,Beijing3
霾,16,2023-03-21 15:20:06,Beijing3
霾,16,2023-03-21 15:20:06,Beijing3
霾,16,2023-03-21 15:49:44,Beijing3
霾,17,2023-03-21 16:20:25,Beijing3
霾,17,2023-03-21 16:20:25,Beijing3
霾,17,2023-03-21 16:50:06,Beijing3
霾,17,2023-03-21 17:19:53,Beijing3
霾,17,2023-03-21 17:19:53,Beijing3
霾,17,2023-03-21 17:50:36,Beijing3
霾,15,2023-03-21 18:21:24,Beijing3
霾,15,2023-03-21 18:21:24,Beijing3
霾,15,2023-03-21 18:50:33,Beijing3
霾,14,2023-03-21 19:20:35,Beijing3
霾,14,2023-03-21 19:20:35,Beijing3
霾,14,2023-03-21 19:49:50,Beijing3
霾,14,2023-03-21 20:20:33,Beijing3
霾,14,2023-03-21 20:20:33,Beijing3
霾,14,2023-03-21 20:49:56,Beijing3
小雨,16,2023-03-21 21:20:30,Beijing3
小雨,16,2023-03-21 21:20:30,Beijing3
小雨,16,2023-03-21 21:50:30,Beijing3
霾,14,2023-03-21 22:19:45,Beijing3
霾,14,2023-03-21 22:19:45,Beijing3
霾,14,2023-03-21 22:50:23,Beijing3
霾,13,2023-03-21 23:20:15,Beijing3
霾,13,2023-03-21 23:20:15,Beijing3
霾,13,2023-03-21 23:49:43,Beijing3
霾,13,2023-03-22 12:20:41,Beijing3
霾,13,2023-03-22 12:50:07,Beijing3
霾,13,2023-03-22 12:50:07,Beijing3
霾,14,2023-03-22 13:20:07,Beijing3
霾,14,2023-03-22 13:50:31,Beijing3
霾,14,2023-03-22 13:50:31,Beijing3
霾,15,2023-03-22 14:20:14,Beijing3
浮尘,15,2023-03-22 14:50:11,Beijing3
浮尘,15,2023-03-22 14:50:11,Beijing3
霾,16,2023-03-22 15:20:20,Beijing3
霾,16,2023-03-22 15:50:07,Beijing3
霾,16,2023-03-22 15:50:07,Beijing3
晴,16,2023-03-22 16:20:26,Beijing3
多云,16,2023-03-22 16:50:18,Beijing3
多云,16,2023-03-22 16:50:18,Beijing3
晴,15,2023-03-22 17:20:25,Beijing3
阴,15,2023-03-22 17:50:31,Beijing3
阴,15,2023-03-22 17:50:31,Beijing3
晴,14,2023-03-22 18:20:38,Beijing3
多云,14,2023-03-22 18:50:06,Beijing3
多云,14,2023-03-22 18:50:06,Beijing3
晴,13,2023-03-22 19:19:42,Beijing3
阴,13,2023-03-22 19:50:01,Beijing3
阴,13,2023-03-22 19:50:01,Beijing3
晴,13,2023-03-22 20:20:23,Beijing3
阴,13,2023-03-22 20:49:45,Beijing3
阴,13,2023-03-22 20:49:45,Beijing3
多云,12,2023-03-22 21:50:42,Beijing3
晴,11,2023-03-22 22:20:33,Beijing3
晴,11,2023-03-22 22:20:33,Beijing3
阴,11,2023-03-22 22:50:26,Beijing3
晴,10,2023-03-22 23:20:32,Beijing3
晴,21,2023-03-16 16:18:21,Guiyang3
晴,22,2023-03-16 16:48:12,Guiyang3
晴,22,2023-03-16 16:48:12,Guiyang3
晴,22,2023-03-16 17:18:28,Guiyang3
晴,22,2023-03-16 17:18:28,Guiyang3
晴,22,2023-03-16 17:18:28,Guiyang3
晴,21,2023-03-16 17:48:22,Guiyang3
晴,21,2023-03-16 17:48:22,Guiyang3
晴,21,2023-03-16 17:48:22,Guiyang3
晴,21,2023-03-16 18:18:54,Guiyang3
晴,21,2023-03-16 18:18:54,Guiyang3
晴,21,2023-03-16 18:18:54,Guiyang3
晴,20,2023-03-16 18:48:11,Guiyang3
晴,20,2023-03-16 18:48:11,Guiyang3
晴,20,2023-03-16 18:48:11,Guiyang3
晴,20,2023-03-16 19:18:24,Guiyang3
晴,20,2023-03-16 19:18:24,Guiyang3
晴,20,2023-03-16 19:18:24,Guiyang3
晴,13,2023-03-17 10:49:20,Guiyang3
晴,13,2023-03-17 10:49:20,Guiyang3
晴,13,2023-03-17 11:19:08,Guiyang3
晴,15,2023-03-17 11:48:17,Guiyang3
晴,15,2023-03-17 12:18:33,Guiyang3
晴,15,2023-03-17 12:18:33,Guiyang3
晴,16,2023-03-17 12:48:18,Guiyang3
晴,16,2023-03-17 13:18:24,Guiyang3
晴,16,2023-03-17 13:18:24,Guiyang3
晴,16,2023-03-17 13:48:22,Guiyang3
晴,16,2023-03-17 14:18:14,Guiyang3
晴,16,2023-03-17 14:18:14,Guiyang3
晴,17,2023-03-17 14:48:10,Guiyang3
晴,17,2023-03-17 15:18:21,Guiyang3
晴,17,2023-03-17 15:18:21,Guiyang3
晴,18,2023-03-17 15:48:28,Guiyang3
晴,18,2023-03-17 16:18:23,Guiyang3
晴,18,2023-03-17 16:18:23,Guiyang3
晴,17,2023-03-17 16:48:27,Guiyang3
晴,17,2023-03-17 17:18:12,Guiyang3
晴,17,2023-03-17 17:18:12,Guiyang3
晴,17,2023-03-17 17:48:16,Guiyang3
晴,17,2023-03-17 17:48:16,Guiyang3
晴,17,2023-03-17 18:18:33,Guiyang3
晴,15,2023-03-17 18:48:16,Guiyang3
晴,15,2023-03-17 18:48:16,Guiyang3
晴,15,2023-03-17 19:18:47,Guiyang3
晴,14,2023-03-17 19:48:16,Guiyang3
晴,14,2023-03-17 19:48:16,Guiyang3
晴,14,2023-03-17 20:18:16,Guiyang3
晴,12,2023-03-17 20:48:39,Guiyang3
晴,12,2023-03-17 20:48:39,Guiyang3
晴,12,2023-03-17 21:18:28,Guiyang3
晴,10,2023-03-17 21:48:27,Guiyang3
晴,10,2023-03-17 21:48:27,Guiyang3
晴,10,2023-03-17 22:18:23,Guiyang3
晴,9,2023-03-17 22:48:27,Guiyang3
晴,9,2023-03-17 22:48:27,Guiyang3
晴,9,2023-03-17 23:18:20,Guiyang3
晴,9,2023-03-17 23:48:40,Guiyang3
晴,9,2023-03-17 23:48:40,Guiyang3
雾,6,2023-03-18 10:48:12,Guiyang3
雾,6,2023-03-18 10:48:12,Guiyang3
雾,6,2023-03-18 11:18:44,Guiyang3
雾,6,2023-03-18 11:48:28,Guiyang3
雾,6,2023-03-18 14:48:41,Guiyang3
雾,6,2023-03-18 15:18:09,Guiyang3
雾,6,2023-03-18 15:18:09,Guiyang3
雾,6,2023-03-18 15:48:24,Guiyang3
雾,6,2023-03-18 16:18:27,Guiyang3
雾,6,2023-03-18 16:18:27,Guiyang3
雾,7,2023-03-18 16:48:23,Guiyang3
雾,7,2023-03-18 17:18:39,Guiyang3
雾,7,2023-03-18 17:18:39,Guiyang3
晴,7,2023-03-18 17:48:45,Guiyang3
晴,7,2023-03-18 18:19:08,Guiyang3
晴,7,2023-03-18 18:19:08,Guiyang3
晴,6,2023-03-18 18:48:26,Guiyang3
晴,6,2023-03-18 19:18:49,Guiyang3
晴,6,2023-03-18 19:18:49,Guiyang3
晴,6,2023-03-18 19:48:39,Guiyang3
晴,6,2023-03-18 20:18:23,Guiyang3
晴,6,2023-03-18 20:18:23,Guiyang3
晴,5,2023-03-18 20:48:41,Guiyang3
晴,5,2023-03-18 21:18:45,Guiyang3
晴,5,2023-03-18 21:18:45,Guiyang3
雾,5,2023-03-18 21:48:16,Guiyang3
雾,5,2023-03-18 22:18:41,Guiyang3
雾,5,2023-03-18 22:18:41,Guiyang3
小雨,5,2023-03-18 22:48:17,Guiyang3
小雨,5,2023-03-18 23:18:44,Guiyang3
小雨,5,2023-03-18 23:18:44,Guiyang3
小雨,5,2023-03-18 23:48:37,Guiyang3
小雨,5,2023-03-19 00:18:31,Guiyang3
雾,5,2023-03-19 12:18:32,Guiyang3
雾,5,2023-03-19 12:48:36,Guiyang3
雾,5,2023-03-19 13:18:50,Guiyang3
雾,5,2023-03-19 13:18:50,Guiyang3
晴,6,2023-03-19 13:48:10,Guiyang3
晴,6,2023-03-19 14:18:14,Guiyang3
晴,6,2023-03-19 14:18:14,Guiyang3
晴,7,2023-03-19 14:48:09,Guiyang3
晴,7,2023-03-19 15:18:31,Guiyang3
晴,7,2023-03-19 15:18:31,Guiyang3
晴,8,2023-03-19 15:48:30,Guiyang3
晴,8,2023-03-19 16:18:53,Guiyang3
晴,8,2023-03-19 16:18:53,Guiyang3
晴,8,2023-03-19 16:48:12,Guiyang3
晴,8,2023-03-19 17:18:38,Guiyang3
晴,8,2023-03-19 17:18:38,Guiyang3
晴,8,2023-03-19 17:48:35,Guiyang3
晴,8,2023-03-19 18:19:04,Guiyang3
晴,8,2023-03-19 18:19:04,Guiyang3
晴,8,2023-03-19 18:48:24,Guiyang3
晴,8,2023-03-19 19:18:44,Guiyang3
晴,8,2023-03-19 19:18:44,Guiyang3
雾,7,2023-03-19 19:48:28,Guiyang3
雾,7,2023-03-19 20:18:18,Guiyang3
小雨,7,2023-03-19 20:48:24,Guiyang3
小雨,7,2023-03-19 20:48:24,Guiyang3
小雨,7,2023-03-19 21:18:42,Guiyang3
雾,7,2023-03-19 21:48:15,Guiyang3
雾,7,2023-03-19 21:48:15,Guiyang3
雾,7,2023-03-19 22:18:21,Guiyang3
雾,7,2023-03-19 22:48:42,Guiyang3
雾,7,2023-03-19 22:48:42,Guiyang3
雾,7,2023-03-19 23:18:50,Guiyang3
雾,7,2023-03-19 23:48:16,Guiyang3
雾,10,2023-03-20 10:48:11,Guiyang3
雾,10,2023-03-20 11:18:40,Guiyang3
雾,11,2023-03-20 11:48:16,Guiyang3
雾,11,2023-03-20 11:48:16,Guiyang3
雾,11,2023-03-20 12:18:30,Guiyang3
雾,12,2023-03-20 12:48:26,Guiyang3
雾,12,2023-03-20 12:48:26,Guiyang3
雾,12,2023-03-20 13:18:45,Guiyang3
晴,14,2023-03-20 13:48:21,Guiyang3
晴,14,2023-03-20 13:48:21,Guiyang3
晴,14,2023-03-20 14:18:41,Guiyang3
晴,17,2023-03-20 14:48:23,Guiyang3
晴,17,2023-03-20 14:48:23,Guiyang3
晴,17,2023-03-20 15:18:44,Guiyang3
晴,18,2023-03-20 15:48:12,Guiyang3
晴,18,2023-03-20 15:48:12,Guiyang3
晴,18,2023-03-20 16:18:20,Guiyang3
晴,20,2023-03-20 16:48:15,Guiyang3
晴,20,2023-03-20 16:48:15,Guiyang3
晴,20,2023-03-20 17:18:59,Guiyang3
晴,21,2023-03-20 17:48:22,Guiyang3
晴,21,2023-03-20 17:48:22,Guiyang3
晴,21,2023-03-20 18:19:07,Guiyang3
晴,15,2023-03-20 18:48:44,Guiyang3
晴,15,2023-03-20 18:48:44,Guiyang3
晴,15,2023-03-20 19:18:23,Guiyang3
晴,12,2023-03-20 19:48:44,Guiyang3
晴,12,2023-03-20 19:48:44,Guiyang3
晴,12,2023-03-20 20:18:27,Guiyang3
晴,10,2023-03-20 20:48:51,Guiyang3
晴,10,2023-03-20 20:48:51,Guiyang3
晴,10,2023-03-20 21:18:35,Guiyang3
晴,9,2023-03-20 21:48:34,Guiyang3
晴,9,2023-03-20 21:48:34,Guiyang3
晴,9,2023-03-20 22:18:30,Guiyang3
雾,9,2023-03-20 22:48:26,Guiyang3
雾,9,2023-03-20 22:48:26,Guiyang3
雾,9,2023-03-20 23:18:37,Guiyang3
雾,9,2023-03-20 23:48:30,Guiyang3
雾,9,2023-03-20 23:48:30,Guiyang3
晴,12,2023-03-21 11:48:24,Guiyang3
晴,12,2023-03-21 12:18:43,Guiyang3
晴,12,2023-03-21 12:18:43,Guiyang3
晴,15,2023-03-21 12:48:53,Guiyang3
晴,15,2023-03-21 13:18:30,Guiyang3
晴,15,2023-03-21 13:18:30,Guiyang3
晴,19,2023-03-21 13:48:07,Guiyang3
晴,19,2023-03-21 14:18:10,Guiyang3
晴,19,2023-03-21 14:18:10,Guiyang3
晴,22,2023-03-21 14:48:32,Guiyang3
晴,25,2023-03-21 15:18:38,Guiyang3
晴,25,2023-03-21 15:18:38,Guiyang3
阴,25,2023-03-21 15:48:25,Guiyang3
晴,26,2023-03-21 16:18:16,Guiyang3
晴,26,2023-03-21 16:18:16,Guiyang3
阴,26,2023-03-21 16:48:12,Guiyang3
晴,27,2023-03-21 17:18:14,Guiyang3
晴,27,2023-03-21 17:18:14,Guiyang3
晴,27,2023-03-21 17:48:51,Guiyang3
晴,26,2023-03-21 18:18:47,Guiyang3
晴,26,2023-03-21 18:18:47,Guiyang3
晴,26,2023-03-21 18:48:26,Guiyang3
晴,24,2023-03-21 19:18:17,Guiyang3
晴,24,2023-03-21 19:18:17,Guiyang3
晴,24,2023-03-21 19:48:25,Guiyang3
晴,23,2023-03-21 20:18:51,Guiyang3
晴,23,2023-03-21 20:18:51,Guiyang3
阴,23,2023-03-21 20:48:32,Guiyang3
晴,22,2023-03-21 21:18:39,Guiyang3
晴,22,2023-03-21 21:18:39,Guiyang3
晴,22,2023-03-21 21:48:42,Guiyang3
晴,19,2023-03-21 22:18:16,Guiyang3
晴,19,2023-03-21 22:18:16,Guiyang3
晴,19,2023-03-21 22:48:24,Guiyang3
晴,16,2023-03-21 23:18:24,Guiyang3
晴,16,2023-03-21 23:18:24,Guiyang3
晴,16,2023-03-21 23:48:25,Guiyang3
晴,20,2023-03-22 12:18:26,Guiyang3
晴,20,2023-03-22 12:48:13,Guiyang3
晴,20,2023-03-22 12:48:13,Guiyang3
晴,20,2023-03-22 13:18:39,Guiyang3
晴,20,2023-03-22 13:48:45,Guiyang3
晴,20,2023-03-22 13:48:45,Guiyang3
晴,22,2023-03-22 14:18:21,Guiyang3
晴,22,2023-03-22 14:48:32,Guiyang3
晴,22,2023-03-22 14:48:32,Guiyang3
晴,23,2023-03-22 15:18:16,Guiyang3
晴,23,2023-03-22 15:48:37,Guiyang3
晴,23,2023-03-22 15:48:37,Guiyang3
晴,23,2023-03-22 16:18:17,Guiyang3
晴,23,2023-03-22 16:48:35,Guiyang3
晴,23,2023-03-22 16:48:35,Guiyang3
晴,24,2023-03-22 17:18:44,Guiyang3
晴,24,2023-03-22 17:48:44,Guiyang3
晴,24,2023-03-22 17:48:44,Guiyang3
晴,22,2023-03-22 18:18:31,Guiyang3
阴,22,2023-03-22 18:48:13,Guiyang3
阴,22,2023-03-22 18:48:13,Guiyang3
晴,20,2023-03-22 19:18:13,Guiyang3
晴,20,2023-03-22 19:48:30,Guiyang3
晴,20,2023-03-22 19:48:30,Guiyang3
晴,18,2023-03-22 20:18:21,Guiyang3
阴,18,2023-03-22 20:48:14,Guiyang3
阴,18,2023-03-22 20:48:14,Guiyang3
小雨,15,2023-03-22 21:48:34,Guiyang3
小雨,14,2023-03-22 22:18:42,Guiyang3
小雨,14,2023-03-22 22:18:42,Guiyang3
小雨,14,2023-03-22 22:48:42,Guiyang3
晴,12,2023-03-22 23:18:42,Guiyang3
晴,0,2023-03-16 16:17:26,HaErBin3
晴,0,2023-03-16 16:47:26,HaErBin3
晴,0,2023-03-16 16:47:26,HaErBin3
晴,0,2023-03-16 17:17:34,HaErBin3
晴,0,2023-03-16 17:17:34,HaErBin3
晴,0,2023-03-16 17:17:34,HaErBin3
晴,0,2023-03-16 17:47:32,HaErBin3
晴,0,2023-03-16 17:47:32,HaErBin3
晴,0,2023-03-16 17:47:32,HaErBin3
晴,0,2023-03-16 18:17:42,HaErBin3
晴,0,2023-03-16 18:17:42,HaErBin3
晴,0,2023-03-16 18:17:42,HaErBin3
晴,-1,2023-03-16 18:47:25,HaErBin3
晴,-1,2023-03-16 18:47:25,HaErBin3
晴,-1,2023-03-16 18:47:25,HaErBin3
晴,-1,2023-03-16 19:17:30,HaErBin3
晴,-1,2023-03-16 19:17:30,HaErBin3
晴,-1,2023-03-16 19:17:30,HaErBin3
晴,0,2023-03-17 10:48:01,HaErBin3
晴,0,2023-03-17 11:17:51,HaErBin3
晴,0,2023-03-17 11:17:51,HaErBin3
晴,0,2023-03-17 11:47:27,HaErBin3
晴,0,2023-03-17 12:17:34,HaErBin3
晴,0,2023-03-17 12:17:34,HaErBin3
晴,1,2023-03-17 12:47:28,HaErBin3
晴,1,2023-03-17 13:17:30,HaErBin3
晴,1,2023-03-17 13:17:30,HaErBin3
晴,3,2023-03-17 13:47:33,HaErBin3
晴,3,2023-03-17 14:17:24,HaErBin3
晴,3,2023-03-17 14:17:24,HaErBin3
晴,4,2023-03-17 14:47:25,HaErBin3
晴,4,2023-03-17 15:17:26,HaErBin3
晴,4,2023-03-17 15:17:26,HaErBin3
晴,5,2023-03-17 15:47:38,HaErBin3
晴,5,2023-03-17 16:17:29,HaErBin3
晴,5,2023-03-17 16:17:29,HaErBin3
晴,5,2023-03-17 16:47:36,HaErBin3
晴,5,2023-03-17 17:17:26,HaErBin3
晴,5,2023-03-17 17:17:26,HaErBin3
晴,4,2023-03-17 17:47:27,HaErBin3
晴,4,2023-03-17 17:47:27,HaErBin3
晴,4,2023-03-17 18:17:34,HaErBin3
晴,2,2023-03-17 18:47:27,HaErBin3
晴,2,2023-03-17 18:47:27,HaErBin3
晴,2,2023-03-17 19:17:42,HaErBin3
晴,0,2023-03-17 19:47:27,HaErBin3
晴,0,2023-03-17 19:47:27,HaErBin3
晴,0,2023-03-17 20:17:27,HaErBin3
晴,-1,2023-03-17 20:47:39,HaErBin3
晴,-1,2023-03-17 20:47:39,HaErBin3
晴,-1,2023-03-17 21:17:28,HaErBin3
晴,-1,2023-03-17 21:47:28,HaErBin3
晴,-1,2023-03-17 21:47:28,HaErBin3
晴,-1,2023-03-17 22:17:28,HaErBin3
晴,-3,2023-03-17 22:47:39,HaErBin3
晴,-3,2023-03-17 22:47:39,HaErBin3
晴,-3,2023-03-17 23:17:26,HaErBin3
晴,-4,2023-03-17 23:47:37,HaErBin3
晴,-4,2023-03-17 23:47:37,HaErBin3
晴,3,2023-03-18 10:47:25,HaErBin3
晴,3,2023-03-18 10:47:25,HaErBin3
晴,3,2023-03-18 11:17:32,HaErBin3
晴,5,2023-03-18 11:47:26,HaErBin3
晴,8,2023-03-18 14:47:41,HaErBin3
晴,8,2023-03-18 15:17:26,HaErBin3
晴,8,2023-03-18 15:17:26,HaErBin3
晴,8,2023-03-18 15:47:31,HaErBin3
晴,8,2023-03-18 16:17:34,HaErBin3
晴,8,2023-03-18 16:17:34,HaErBin3
晴,8,2023-03-18 16:47:35,HaErBin3
晴,8,2023-03-18 17:17:37,HaErBin3
晴,8,2023-03-18 17:17:37,HaErBin3
晴,8,2023-03-18 17:47:28,HaErBin3
晴,8,2023-03-18 18:17:44,HaErBin3
晴,8,2023-03-18 18:17:44,HaErBin3
晴,5,2023-03-18 18:47:36,HaErBin3
晴,5,2023-03-18 19:17:42,HaErBin3
晴,5,2023-03-18 19:17:42,HaErBin3
晴,4,2023-03-18 19:47:27,HaErBin3
晴,4,2023-03-18 20:17:35,HaErBin3
晴,4,2023-03-18 20:17:35,HaErBin3
晴,3,2023-03-18 20:47:32,HaErBin3
晴,3,2023-03-18 21:17:41,HaErBin3
晴,3,2023-03-18 21:17:41,HaErBin3
晴,2,2023-03-18 21:47:26,HaErBin3
晴,2,2023-03-18 22:17:37,HaErBin3
晴,2,2023-03-18 22:17:37,HaErBin3
晴,3,2023-03-18 22:47:27,HaErBin3
晴,3,2023-03-18 23:17:36,HaErBin3
晴,3,2023-03-18 23:17:36,HaErBin3
晴,2,2023-03-18 23:47:36,HaErBin3
晴,2,2023-03-19 00:17:35,HaErBin3
晴,9,2023-03-19 12:17:40,HaErBin3
晴,11,2023-03-19 12:47:27,HaErBin3
晴,11,2023-03-19 13:17:41,HaErBin3
晴,11,2023-03-19 13:17:41,HaErBin3
晴,12,2023-03-19 13:47:25,HaErBin3
晴,12,2023-03-19 14:17:26,HaErBin3
晴,12,2023-03-19 14:17:26,HaErBin3
晴,13,2023-03-19 14:47:24,HaErBin3
晴,13,2023-03-19 15:17:27,HaErBin3
晴,13,2023-03-19 15:17:27,HaErBin3
晴,13,2023-03-19 15:47:30,HaErBin3
晴,13,2023-03-19 16:17:35,HaErBin3
晴,13,2023-03-19 16:17:35,HaErBin3
晴,13,2023-03-19 16:47:26,HaErBin3
晴,13,2023-03-19 17:17:32,HaErBin3
晴,13,2023-03-19 17:17:32,HaErBin3
晴,12,2023-03-19 17:47:43,HaErBin3
晴,12,2023-03-19 18:17:46,HaErBin3
晴,12,2023-03-19 18:17:46,HaErBin3
晴,10,2023-03-19 18:47:25,HaErBin3
晴,10,2023-03-19 19:17:32,HaErBin3
晴,10,2023-03-19 19:17:32,HaErBin3
晴,8,2023-03-19 19:47:39,HaErBin3
晴,8,2023-03-19 20:17:27,HaErBin3
霾,8,2023-03-19 20:47:38,HaErBin3
霾,8,2023-03-19 20:47:38,HaErBin3
霾,8,2023-03-19 21:17:38,HaErBin3
晴,8,2023-03-19 21:47:27,HaErBin3
晴,8,2023-03-19 21:47:27,HaErBin3
晴,8,2023-03-19 22:17:29,HaErBin3
晴,8,2023-03-19 22:47:34,HaErBin3
晴,8,2023-03-19 22:47:34,HaErBin3
晴,8,2023-03-19 23:17:43,HaErBin3
晴,8,2023-03-19 23:47:27,HaErBin3
霾,9,2023-03-20 10:47:25,HaErBin3
霾,9,2023-03-20 11:17:33,HaErBin3
霾,11,2023-03-20 11:47:26,HaErBin3
霾,11,2023-03-20 11:47:26,HaErBin3
霾,11,2023-03-20 12:17:27,HaErBin3
霾,12,2023-03-20 12:47:26,HaErBin3
霾,12,2023-03-20 12:47:26,HaErBin3
霾,12,2023-03-20 13:17:45,HaErBin3
霾,14,2023-03-20 13:47:35,HaErBin3
霾,14,2023-03-20 13:47:35,HaErBin3
霾,14,2023-03-20 14:17:35,HaErBin3
霾,14,2023-03-20 14:47:37,HaErBin3
霾,14,2023-03-20 14:47:37,HaErBin3
霾,14,2023-03-20 15:17:40,HaErBin3
晴,15,2023-03-20 15:47:25,HaErBin3
晴,15,2023-03-20 15:47:25,HaErBin3
晴,15,2023-03-20 16:17:26,HaErBin3
晴,14,2023-03-20 16:47:27,HaErBin3
晴,14,2023-03-20 16:47:27,HaErBin3
晴,14,2023-03-20 17:17:48,HaErBin3
晴,14,2023-03-20 17:47:34,HaErBin3
晴,14,2023-03-20 17:47:34,HaErBin3
晴,14,2023-03-20 18:17:43,HaErBin3
晴,12,2023-03-20 18:47:40,HaErBin3
晴,12,2023-03-20 18:47:40,HaErBin3
晴,12,2023-03-20 19:17:28,HaErBin3
晴,11,2023-03-20 19:47:38,HaErBin3
晴,11,2023-03-20 19:47:38,HaErBin3
晴,11,2023-03-20 20:17:28,HaErBin3
霾,11,2023-03-20 20:47:44,HaErBin3
霾,11,2023-03-20 20:47:44,HaErBin3
霾,11,2023-03-20 21:17:30,HaErBin3
霾,10,2023-03-20 21:47:27,HaErBin3
霾,10,2023-03-20 21:47:27,HaErBin3
霾,10,2023-03-20 22:17:31,HaErBin3
霾,10,2023-03-20 22:47:26,HaErBin3
霾,10,2023-03-20 22:47:26,HaErBin3
霾,10,2023-03-20 23:17:39,HaErBin3
霾,9,2023-03-20 23:47:26,HaErBin3
霾,9,2023-03-20 23:47:26,HaErBin3
霾,11,2023-03-21 11:47:25,HaErBin3
霾,11,2023-03-21 12:17:36,HaErBin3
霾,11,2023-03-21 12:17:36,HaErBin3
晴,13,2023-03-21 12:47:44,HaErBin3
晴,13,2023-03-21 13:17:35,HaErBin3
晴,13,2023-03-21 13:17:35,HaErBin3
晴,14,2023-03-21 13:47:24,HaErBin3
晴,14,2023-03-21 14:17:24,HaErBin3
晴,14,2023-03-21 14:17:24,HaErBin3
多云,14,2023-03-21 14:47:30,HaErBin3
晴,15,2023-03-21 15:17:34,HaErBin3
晴,15,2023-03-21 15:17:34,HaErBin3
阴,15,2023-03-21 15:47:28,HaErBin3
晴,14,2023-03-21 16:17:25,HaErBin3
晴,14,2023-03-21 16:17:25,HaErBin3
多云,14,2023-03-21 16:47:26,HaErBin3
晴,13,2023-03-21 17:17:24,HaErBin3
晴,13,2023-03-21 17:17:24,HaErBin3
多云,13,2023-03-21 17:47:39,HaErBin3
晴,12,2023-03-21 18:17:31,HaErBin3
晴,12,2023-03-21 18:17:31,HaErBin3
多云,12,2023-03-21 18:47:26,HaErBin3
晴,7,2023-03-21 19:17:27,HaErBin3
晴,7,2023-03-21 19:17:27,HaErBin3
多云,7,2023-03-21 19:47:39,HaErBin3
霾,4,2023-03-21 20:17:39,HaErBin3
霾,4,2023-03-21 20:17:39,HaErBin3
霾,4,2023-03-21 20:47:34,HaErBin3
霾,11,2023-03-21 21:17:35,HaErBin3
霾,11,2023-03-21 21:17:35,HaErBin3
霾,11,2023-03-21 21:47:38,HaErBin3
霾,11,2023-03-21 22:17:26,HaErBin3
霾,11,2023-03-21 22:17:26,HaErBin3
霾,11,2023-03-21 22:47:25,HaErBin3
霾,10,2023-03-21 23:17:31,HaErBin3
霾,10,2023-03-21 23:17:31,HaErBin3
霾,10,2023-03-21 23:47:31,HaErBin3
霾,8,2023-03-22 12:17:26,HaErBin3
霾,8,2023-03-22 12:47:26,HaErBin3
霾,8,2023-03-22 12:47:26,HaErBin3
霾,8,2023-03-22 13:17:33,HaErBin3
霾,8,2023-03-22 13:47:39,HaErBin3
霾,8,2023-03-22 13:47:39,HaErBin3
霾,7,2023-03-22 14:17:32,HaErBin3
霾,7,2023-03-22 14:47:33,HaErBin3
霾,7,2023-03-22 14:47:33,HaErBin3
霾,7,2023-03-22 15:17:26,HaErBin3
霾,7,2023-03-22 15:47:37,HaErBin3
霾,7,2023-03-22 15:47:37,HaErBin3
霾,6,2023-03-22 16:17:26,HaErBin3
霾,6,2023-03-22 16:47:36,HaErBin3
霾,6,2023-03-22 16:47:36,HaErBin3
霾,5,2023-03-22 17:17:37,HaErBin3
霾,5,2023-03-22 17:47:38,HaErBin3
霾,5,2023-03-22 17:47:38,HaErBin3
霾,4,2023-03-22 18:17:37,HaErBin3
霾,4,2023-03-22 18:47:28,HaErBin3
霾,4,2023-03-22 18:47:28,HaErBin3
霾,4,2023-03-22 19:17:25,HaErBin3
霾,4,2023-03-22 19:47:30,HaErBin3
霾,4,2023-03-22 19:47:30,HaErBin3
霾,3,2023-03-22 20:17:26,HaErBin3
霾,3,2023-03-22 20:47:27,HaErBin3
霾,3,2023-03-22 20:47:27,HaErBin3
霾,2,2023-03-22 21:47:26,HaErBin3
晴,2,2023-03-22 22:17:33,HaErBin3
晴,2,2023-03-22 22:17:33,HaErBin3
晴,2,2023-03-22 22:47:38,HaErBin3
晴,1,2023-03-22 23:17:41,HaErBin3
晴,26,2023-03-16 16:18:48,Haikou3
晴,26,2023-03-16 16:48:35,Haikou3
晴,26,2023-03-16 16:48:35,Haikou3
晴,26,2023-03-16 17:18:54,Haikou3
晴,26,2023-03-16 17:18:54,Haikou3
晴,26,2023-03-16 17:18:54,Haikou3
晴,25,2023-03-16 17:48:46,Haikou3
晴,25,2023-03-16 17:48:46,Haikou3
晴,25,2023-03-16 17:48:46,Haikou3
晴,25,2023-03-16 18:19:26,Haikou3
晴,25,2023-03-16 18:19:26,Haikou3
晴,25,2023-03-16 18:19:26,Haikou3
晴,25,2023-03-16 18:48:35,Haikou3
晴,25,2023-03-16 18:48:35,Haikou3
晴,25,2023-03-16 18:48:35,Haikou3
晴,25,2023-03-16 19:18:51,Haikou3
晴,25,2023-03-16 19:18:51,Haikou3
晴,25,2023-03-16 19:18:51,Haikou3
晴,24,2023-03-17 10:49:53,Haikou3
晴,24,2023-03-17 10:49:53,Haikou3
晴,24,2023-03-17 11:19:35,Haikou3
晴,26,2023-03-17 11:48:43,Haikou3
晴,26,2023-03-17 11:48:43,Haikou3
晴,26,2023-03-17 12:19:10,Haikou3
晴,26,2023-03-17 12:48:45,Haikou3
晴,26,2023-03-17 12:48:45,Haikou3
晴,26,2023-03-17 13:18:54,Haikou3
晴,25,2023-03-17 13:48:51,Haikou3
晴,25,2023-03-17 14:18:39,Haikou3
晴,25,2023-03-17 14:18:39,Haikou3
晴,25,2023-03-17 14:48:33,Haikou3
晴,25,2023-03-17 14:48:33,Haikou3
晴,25,2023-03-17 15:18:53,Haikou3
晴,25,2023-03-17 15:48:59,Haikou3
晴,25,2023-03-17 15:48:59,Haikou3
晴,25,2023-03-17 16:18:53,Haikou3
晴,25,2023-03-17 16:48:53,Haikou3
晴,25,2023-03-17 17:18:37,Haikou3
晴,25,2023-03-17 17:18:37,Haikou3
晴,24,2023-03-17 17:48:43,Haikou3
晴,24,2023-03-17 17:48:43,Haikou3
晴,24,2023-03-17 18:19:06,Haikou3
晴,24,2023-03-17 18:48:40,Haikou3
晴,24,2023-03-17 18:48:40,Haikou3
晴,24,2023-03-17 19:19:14,Haikou3
晴,23,2023-03-17 19:48:41,Haikou3
晴,23,2023-03-17 19:48:41,Haikou3
晴,23,2023-03-17 20:18:40,Haikou3
晴,22,2023-03-17 20:49:04,Haikou3
晴,22,2023-03-17 20:49:04,Haikou3
晴,22,2023-03-17 21:19:05,Haikou3
晴,22,2023-03-17 21:49:03,Haikou3
晴,22,2023-03-17 21:49:03,Haikou3
晴,22,2023-03-17 22:18:54,Haikou3
晴,21,2023-03-17 22:48:54,Haikou3
晴,21,2023-03-17 22:48:54,Haikou3
晴,21,2023-03-17 23:18:47,Haikou3
晴,21,2023-03-17 23:49:04,Haikou3
晴,21,2023-03-17 23:49:04,Haikou3
晴,24,2023-03-18 10:48:36,Haikou3
晴,24,2023-03-18 10:48:36,Haikou3
晴,24,2023-03-18 11:19:14,Haikou3
晴,24,2023-03-18 11:49:02,Haikou3
小雨,23,2023-03-18 14:49:06,Haikou3
小雨,23,2023-03-18 15:18:31,Haikou3
小雨,23,2023-03-18 15:18:31,Haikou3
晴,24,2023-03-18 15:48:56,Haikou3
晴,24,2023-03-18 16:19:01,Haikou3
晴,24,2023-03-18 16:19:01,Haikou3
晴,24,2023-03-18 16:48:47,Haikou3
晴,24,2023-03-18 17:19:13,Haikou3
晴,24,2023-03-18 17:19:13,Haikou3
晴,24,2023-03-18 17:49:16,Haikou3
晴,24,2023-03-18 18:19:48,Haikou3
晴,24,2023-03-18 18:19:48,Haikou3
晴,23,2023-03-18 18:48:52,Haikou3
晴,23,2023-03-18 19:19:26,Haikou3
晴,23,2023-03-18 19:19:26,Haikou3
晴,23,2023-03-18 19:49:09,Haikou3
晴,23,2023-03-18 20:18:49,Haikou3
晴,23,2023-03-18 20:18:49,Haikou3
晴,22,2023-03-18 20:49:06,Haikou3
晴,22,2023-03-18 21:19:18,Haikou3
晴,22,2023-03-18 21:19:18,Haikou3
晴,22,2023-03-18 21:48:41,Haikou3
晴,22,2023-03-18 22:19:19,Haikou3
晴,22,2023-03-18 22:19:19,Haikou3
晴,21,2023-03-18 22:48:43,Haikou3
晴,21,2023-03-18 23:19:11,Haikou3
晴,21,2023-03-18 23:19:11,Haikou3
晴,21,2023-03-18 23:48:58,Haikou3
晴,21,2023-03-19 00:18:58,Haikou3
晴,26,2023-03-19 12:19:06,Haikou3
晴,27,2023-03-19 12:49:08,Haikou3
晴,27,2023-03-19 13:19:22,Haikou3
晴,27,2023-03-19 13:19:22,Haikou3
晴,27,2023-03-19 13:48:33,Haikou3
晴,27,2023-03-19 14:18:40,Haikou3
晴,27,2023-03-19 14:18:40,Haikou3
晴,29,2023-03-19 14:48:33,Haikou3
晴,29,2023-03-19 15:19:09,Haikou3
晴,29,2023-03-19 15:19:09,Haikou3
晴,29,2023-03-19 15:48:53,Haikou3
晴,29,2023-03-19 16:19:21,Haikou3
晴,29,2023-03-19 16:19:21,Haikou3
晴,29,2023-03-19 16:48:36,Haikou3
晴,29,2023-03-19 17:19:02,Haikou3
晴,29,2023-03-19 17:19:02,Haikou3
晴,28,2023-03-19 17:49:08,Haikou3
晴,28,2023-03-19 18:20:15,Haikou3
晴,28,2023-03-19 18:20:15,Haikou3
晴,27,2023-03-19 18:49:02,Haikou3
晴,27,2023-03-19 19:19:16,Haikou3
晴,27,2023-03-19 19:19:16,Haikou3
晴,25,2023-03-19 19:48:53,Haikou3
晴,25,2023-03-19 20:18:47,Haikou3
晴,25,2023-03-19 20:48:47,Haikou3
晴,25,2023-03-19 20:48:47,Haikou3
晴,25,2023-03-19 21:19:21,Haikou3
晴,23,2023-03-19 21:48:39,Haikou3
晴,23,2023-03-19 21:48:39,Haikou3
晴,23,2023-03-19 22:18:46,Haikou3
晴,23,2023-03-19 22:49:18,Haikou3
晴,23,2023-03-19 22:49:18,Haikou3
晴,23,2023-03-19 23:19:16,Haikou3
晴,22,2023-03-19 23:48:42,Haikou3
晴,25,2023-03-20 10:48:35,Haikou3
晴,25,2023-03-20 11:19:09,Haikou3
晴,27,2023-03-20 11:48:41,Haikou3
晴,27,2023-03-20 11:48:41,Haikou3
晴,27,2023-03-20 12:19:06,Haikou3
晴,29,2023-03-20 12:49:00,Haikou3
晴,29,2023-03-20 12:49:00,Haikou3
晴,29,2023-03-20 13:19:11,Haikou3
晴,29,2023-03-20 13:48:52,Haikou3
晴,29,2023-03-20 13:48:52,Haikou3
晴,29,2023-03-20 14:19:08,Haikou3
晴,30,2023-03-20 14:48:48,Haikou3
晴,30,2023-03-20 14:48:48,Haikou3
晴,30,2023-03-20 15:19:25,Haikou3
晴,30,2023-03-20 15:48:35,Haikou3
晴,30,2023-03-20 15:48:35,Haikou3
晴,30,2023-03-20 16:18:49,Haikou3
晴,30,2023-03-20 16:48:39,Haikou3
晴,30,2023-03-20 16:48:39,Haikou3
晴,30,2023-03-20 17:19:30,Haikou3
晴,29,2023-03-20 17:48:54,Haikou3
晴,29,2023-03-20 17:48:54,Haikou3
晴,29,2023-03-20 18:19:38,Haikou3
晴,28,2023-03-20 18:49:22,Haikou3
晴,28,2023-03-20 18:49:22,Haikou3
晴,28,2023-03-20 19:18:50,Haikou3
晴,26,2023-03-20 19:49:19,Haikou3
晴,26,2023-03-20 19:49:19,Haikou3
晴,26,2023-03-20 20:18:55,Haikou3
晴,24,2023-03-20 20:49:24,Haikou3
晴,24,2023-03-20 20:49:24,Haikou3
晴,24,2023-03-20 21:19:11,Haikou3
晴,24,2023-03-20 21:49:07,Haikou3
晴,24,2023-03-20 21:49:07,Haikou3
晴,24,2023-03-20 22:19:03,Haikou3
晴,23,2023-03-20 22:49:00,Haikou3
晴,23,2023-03-20 22:49:00,Haikou3
晴,23,2023-03-20 23:19:03,Haikou3
晴,23,2023-03-20 23:49:01,Haikou3
晴,23,2023-03-20 23:49:01,Haikou3
晴,27,2023-03-21 11:48:54,Haikou3
晴,27,2023-03-21 12:19:22,Haikou3
晴,27,2023-03-21 12:19:22,Haikou3
晴,30,2023-03-21 12:49:32,Haikou3
晴,30,2023-03-21 13:18:55,Haikou3
晴,30,2023-03-21 13:18:55,Haikou3
晴,31,2023-03-21 13:48:29,Haikou3
晴,31,2023-03-21 14:18:34,Haikou3
晴,31,2023-03-21 14:18:34,Haikou3
晴,30,2023-03-21 14:48:54,Haikou3
晴,30,2023-03-21 15:19:02,Haikou3
晴,30,2023-03-21 15:19:02,Haikou3
晴,30,2023-03-21 15:48:47,Haikou3
晴,30,2023-03-21 16:18:57,Haikou3
晴,30,2023-03-21 16:18:57,Haikou3
晴,30,2023-03-21 16:48:35,Haikou3
晴,30,2023-03-21 17:18:42,Haikou3
晴,30,2023-03-21 17:18:42,Haikou3
晴,30,2023-03-21 17:49:24,Haikou3
晴,30,2023-03-21 18:19:31,Haikou3
晴,30,2023-03-21 18:19:31,Haikou3
晴,30,2023-03-21 18:49:01,Haikou3
晴,29,2023-03-21 19:18:59,Haikou3
晴,29,2023-03-21 19:18:59,Haikou3
晴,29,2023-03-21 19:48:48,Haikou3
晴,28,2023-03-21 20:19:16,Haikou3
晴,28,2023-03-21 20:19:16,Haikou3
晴,28,2023-03-21 20:48:54,Haikou3
晴,27,2023-03-21 21:19:08,Haikou3
晴,27,2023-03-21 21:19:08,Haikou3
晴,27,2023-03-21 21:49:20,Haikou3
晴,26,2023-03-21 22:18:39,Haikou3
晴,26,2023-03-21 22:18:39,Haikou3
晴,26,2023-03-21 22:48:55,Haikou3
晴,26,2023-03-21 23:19:02,Haikou3
晴,26,2023-03-21 23:19:02,Haikou3
晴,26,2023-03-21 23:48:45,Haikou3
晴,33,2023-03-22 12:19:02,Haikou3
晴,33,2023-03-22 12:48:38,Haikou3
晴,33,2023-03-22 12:48:38,Haikou3
晴,35,2023-03-22 13:19:02,Haikou3
晴,35,2023-03-22 13:49:20,Haikou3
晴,35,2023-03-22 13:49:20,Haikou3
晴,36,2023-03-22 14:18:45,Haikou3
晴,36,2023-03-22 14:49:03,Haikou3
晴,36,2023-03-22 14:49:03,Haikou3
晴,32,2023-03-22 15:18:43,Haikou3
晴,32,2023-03-22 15:49:01,Haikou3
晴,32,2023-03-22 15:49:01,Haikou3
晴,33,2023-03-22 16:18:56,Haikou3
晴,33,2023-03-22 16:49:07,Haikou3
晴,33,2023-03-22 16:49:07,Haikou3
晴,34,2023-03-22 17:19:08,Haikou3
晴,34,2023-03-22 17:49:09,Haikou3
晴,34,2023-03-22 17:49:09,Haikou3
晴,33,2023-03-22 18:18:59,Haikou3
晴,33,2023-03-22 18:48:37,Haikou3
晴,33,2023-03-22 18:48:37,Haikou3
晴,31,2023-03-22 19:18:38,Haikou3
晴,31,2023-03-22 19:48:54,Haikou3
晴,31,2023-03-22 19:48:54,Haikou3
晴,29,2023-03-22 20:18:59,Haikou3
晴,29,2023-03-22 20:48:38,Haikou3
晴,29,2023-03-22 20:48:38,Haikou3
晴,28,2023-03-22 21:49:06,Haikou3
晴,27,2023-03-22 22:19:09,Haikou3
晴,27,2023-03-22 22:19:09,Haikou3
晴,27,2023-03-22 22:49:16,Haikou3
晴,26,2023-03-22 23:19:19,Haikou3
