«Á,21,2023-03-16 16:18:21
«Á,22,2023-03-16 16:48:12
«Á,22,2023-03-16 16:48:12
«Á,22,2023-03-16 17:18:28
«Á,22,2023-03-16 17:18:28
«Á,22,2023-03-16 17:18:28
«Á,21,2023-03-16 17:48:22
«Á,21,2023-03-16 17:48:22
«Á,21,2023-03-16 17:48:22
«Á,21,2023-03-16 18:18:54
«Á,21,2023-03-16 18:18:54
«Á,21,2023-03-16 18:18:54
«Á,20,2023-03-16 18:48:11
«Á,20,2023-03-16 18:48:11
«Á,20,2023-03-16 18:48:11
«Á,20,2023-03-16 19:18:24
«Á,20,2023-03-16 19:18:24
«Á,20,2023-03-16 19:18:24
«Á,13,2023-03-17 10:49:20
«Á,13,2023-03-17 10:49:20
«Á,13,2023-03-17 11:19:08
«Á,15,2023-03-17 11:48:17
«Á,15,2023-03-17 12:18:33
«Á,15,2023-03-17 12:18:33
«Á,16,2023-03-17 12:48:18
«Á,16,2023-03-17 13:18:24
«Á,16,2023-03-17 13:18:24
«Á,16,2023-03-17 13:48:22
«Á,16,2023-03-17 14:18:14
«Á,16,2023-03-17 14:18:14
«Á,17,2023-03-17 14:48:10
«Á,17,2023-03-17 15:18:21
«Á,17,2023-03-17 15:18:21
«Á,18,2023-03-17 15:48:28
«Á,18,2023-03-17 16:18:23
«Á,18,2023-03-17 16:18:23
«Á,17,2023-03-17 16:48:27
«Á,17,2023-03-17 17:18:12
«Á,17,2023-03-17 17:18:12
«Á,17,2023-03-17 17:48:16
«Á,17,2023-03-17 17:48:16
«Á,17,2023-03-17 18:18:33
«Á,15,2023-03-17 18:48:16
«Á,15,2023-03-17 18:48:16
«Á,15,2023-03-17 19:18:47
«Á,14,2023-03-17 19:48:16
«Á,14,2023-03-17 19:48:16
«Á,14,2023-03-17 20:18:16
«Á,12,2023-03-17 20:48:39
«Á,12,2023-03-17 20:48:39
«Á,12,2023-03-17 21:18:28
«Á,10,2023-03-17 21:48:27
«Á,10,2023-03-17 21:48:27
«Á,10,2023-03-17 22:18:23
«Á,9,2023-03-17 22:48:27
«Á,9,2023-03-17 22:48:27
«Á,9,2023-03-17 23:18:20
«Á,9,2023-03-17 23:48:40
«Á,9,2023-03-17 23:48:40
ŒÌ,6,2023-03-18 10:48:12
ŒÌ,6,2023-03-18 10:48:12
ŒÌ,6,2023-03-18 11:18:44
ŒÌ,6,2023-03-18 11:48:28
ŒÌ,6,2023-03-18 14:48:41
ŒÌ,6,2023-03-18 15:18:09
ŒÌ,6,2023-03-18 15:18:09
ŒÌ,6,2023-03-18 15:48:24
ŒÌ,6,2023-03-18 16:18:27
ŒÌ,6,2023-03-18 16:18:27
ŒÌ,7,2023-03-18 16:48:23
ŒÌ,7,2023-03-18 17:18:39
ŒÌ,7,2023-03-18 17:18:39
«Á,7,2023-03-18 17:48:45
«Á,7,2023-03-18 18:19:08
«Á,7,2023-03-18 18:19:08
«Á,6,2023-03-18 18:48:26
«Á,6,2023-03-18 19:18:49
«Á,6,2023-03-18 19:18:49
«Á,6,2023-03-18 19:48:39
«Á,6,2023-03-18 20:18:23
«Á,6,2023-03-18 20:18:23
«Á,5,2023-03-18 20:48:41
«Á,5,2023-03-18 21:18:45
«Á,5,2023-03-18 21:18:45
ŒÌ,5,2023-03-18 21:48:16
ŒÌ,5,2023-03-18 22:18:41
ŒÌ,5,2023-03-18 22:18:41
–°”Í,5,2023-03-18 22:48:17
–°”Í,5,2023-03-18 23:18:44
–°”Í,5,2023-03-18 23:18:44
–°”Í,5,2023-03-18 23:48:37
–°”Í,5,2023-03-19 00:18:31
ŒÌ,5,2023-03-19 12:18:32
ŒÌ,5,2023-03-19 12:48:36
ŒÌ,5,2023-03-19 13:18:50
ŒÌ,5,2023-03-19 13:18:50
«Á,6,2023-03-19 13:48:10
«Á,6,2023-03-19 14:18:14
«Á,6,2023-03-19 14:18:14
«Á,7,2023-03-19 14:48:09
«Á,7,2023-03-19 15:18:31
«Á,7,2023-03-19 15:18:31
«Á,8,2023-03-19 15:48:30
«Á,8,2023-03-19 16:18:53
«Á,8,2023-03-19 16:18:53
«Á,8,2023-03-19 16:48:12
«Á,8,2023-03-19 17:18:38
«Á,8,2023-03-19 17:18:38
«Á,8,2023-03-19 17:48:35
«Á,8,2023-03-19 18:19:04
«Á,8,2023-03-19 18:19:04
«Á,8,2023-03-19 18:48:24
«Á,8,2023-03-19 19:18:44
«Á,8,2023-03-19 19:18:44
ŒÌ,7,2023-03-19 19:48:28
ŒÌ,7,2023-03-19 20:18:18
–°”Í,7,2023-03-19 20:48:24
–°”Í,7,2023-03-19 20:48:24
–°”Í,7,2023-03-19 21:18:42
ŒÌ,7,2023-03-19 21:48:15
ŒÌ,7,2023-03-19 21:48:15
ŒÌ,7,2023-03-19 22:18:21
ŒÌ,7,2023-03-19 22:48:42
ŒÌ,7,2023-03-19 22:48:42
ŒÌ,7,2023-03-19 23:18:50
ŒÌ,7,2023-03-19 23:48:16
ŒÌ,10,2023-03-20 10:48:11
ŒÌ,10,2023-03-20 11:18:40
ŒÌ,11,2023-03-20 11:48:16
ŒÌ,11,2023-03-20 11:48:16
ŒÌ,11,2023-03-20 12:18:30
ŒÌ,12,2023-03-20 12:48:26
ŒÌ,12,2023-03-20 12:48:26
ŒÌ,12,2023-03-20 13:18:45
«Á,14,2023-03-20 13:48:21
«Á,14,2023-03-20 13:48:21
«Á,14,2023-03-20 14:18:41
«Á,17,2023-03-20 14:48:23
«Á,17,2023-03-20 14:48:23
«Á,17,2023-03-20 15:18:44
«Á,18,2023-03-20 15:48:12
«Á,18,2023-03-20 15:48:12
«Á,18,2023-03-20 16:18:20
«Á,20,2023-03-20 16:48:15
«Á,20,2023-03-20 16:48:15
«Á,20,2023-03-20 17:18:59
«Á,21,2023-03-20 17:48:22
«Á,21,2023-03-20 17:48:22
«Á,21,2023-03-20 18:19:07
«Á,15,2023-03-20 18:48:44
«Á,15,2023-03-20 18:48:44
«Á,15,2023-03-20 19:18:23
«Á,12,2023-03-20 19:48:44
«Á,12,2023-03-20 19:48:44
«Á,12,2023-03-20 20:18:27
«Á,10,2023-03-20 20:48:51
«Á,10,2023-03-20 20:48:51
«Á,10,2023-03-20 21:18:35
«Á,9,2023-03-20 21:48:34
«Á,9,2023-03-20 21:48:34
«Á,9,2023-03-20 22:18:30
ŒÌ,9,2023-03-20 22:48:26
ŒÌ,9,2023-03-20 22:48:26
ŒÌ,9,2023-03-20 23:18:37
ŒÌ,9,2023-03-20 23:48:30
ŒÌ,9,2023-03-20 23:48:30
«Á,12,2023-03-21 11:48:24
«Á,12,2023-03-21 12:18:43
«Á,12,2023-03-21 12:18:43
«Á,15,2023-03-21 12:48:53
«Á,15,2023-03-21 13:18:30
«Á,15,2023-03-21 13:18:30
«Á,19,2023-03-21 13:48:07
«Á,19,2023-03-21 14:18:10
«Á,19,2023-03-21 14:18:10
«Á,22,2023-03-21 14:48:32
«Á,25,2023-03-21 15:18:38
«Á,25,2023-03-21 15:18:38
“ı,25,2023-03-21 15:48:25
«Á,26,2023-03-21 16:18:16
«Á,26,2023-03-21 16:18:16
“ı,26,2023-03-21 16:48:12
«Á,27,2023-03-21 17:18:14
«Á,27,2023-03-21 17:18:14
«Á,27,2023-03-21 17:48:51
«Á,26,2023-03-21 18:18:47
«Á,26,2023-03-21 18:18:47
«Á,26,2023-03-21 18:48:26
«Á,24,2023-03-21 19:18:17
«Á,24,2023-03-21 19:18:17
«Á,24,2023-03-21 19:48:25
«Á,23,2023-03-21 20:18:51
«Á,23,2023-03-21 20:18:51
“ı,23,2023-03-21 20:48:32
«Á,22,2023-03-21 21:18:39
«Á,22,2023-03-21 21:18:39
«Á,22,2023-03-21 21:48:42
«Á,19,2023-03-21 22:18:16
«Á,19,2023-03-21 22:18:16
«Á,19,2023-03-21 22:48:24
«Á,16,2023-03-21 23:18:24
«Á,16,2023-03-21 23:18:24
«Á,16,2023-03-21 23:48:25
«Á,20,2023-03-22 12:18:26
«Á,20,2023-03-22 12:48:13
«Á,20,2023-03-22 12:48:13
«Á,20,2023-03-22 13:18:39
«Á,20,2023-03-22 13:48:45
«Á,20,2023-03-22 13:48:45
«Á,22,2023-03-22 14:18:21
«Á,22,2023-03-22 14:48:32
«Á,22,2023-03-22 14:48:32
«Á,23,2023-03-22 15:18:16
«Á,23,2023-03-22 15:48:37
«Á,23,2023-03-22 15:48:37
«Á,23,2023-03-22 16:18:17
«Á,23,2023-03-22 16:48:35
«Á,23,2023-03-22 16:48:35
«Á,24,2023-03-22 17:18:44
«Á,24,2023-03-22 17:48:44
«Á,24,2023-03-22 17:48:44
«Á,22,2023-03-22 18:18:31
“ı,22,2023-03-22 18:48:13
“ı,22,2023-03-22 18:48:13
«Á,20,2023-03-22 19:18:13
«Á,20,2023-03-22 19:48:30
«Á,20,2023-03-22 19:48:30
«Á,18,2023-03-22 20:18:21
“ı,18,2023-03-22 20:48:14
“ı,18,2023-03-22 20:48:14
–°”Í,15,2023-03-22 21:48:34
–°”Í,14,2023-03-22 22:18:42
–°”Í,14,2023-03-22 22:18:42
–°”Í,14,2023-03-22 22:48:42
«Á,12,2023-03-22 23:18:42
«Á,12,2023-03-23 00:48:18
“ı,13,2023-03-23 12:48:28
“ı,13,2023-03-23 12:48:28
«Á,16,2023-03-23 13:18:36
“ı,16,2023-03-23 13:48:24
“ı,16,2023-03-23 13:48:24
«Á,15,2023-03-23 14:18:40
«Á,15,2023-03-23 14:48:11
«Á,15,2023-03-23 14:48:11
«Á,16,2023-03-23 15:18:21
«Á,16,2023-03-23 15:48:33
«Á,16,2023-03-23 15:48:33
«Á,15,2023-03-23 16:18:20
«Á,15,2023-03-23 16:48:21
«Á,15,2023-03-23 16:48:21
«Á,14,2023-03-23 17:18:15
«Á,14,2023-03-23 17:48:20
«Á,14,2023-03-23 17:48:20
“ı,12,2023-03-23 18:18:31
“ı,12,2023-03-23 18:48:41
“ı,12,2023-03-23 18:48:41
“ı,11,2023-03-23 19:18:36
“ı,11,2023-03-23 19:48:25
“ı,11,2023-03-23 19:48:25
–°”Í,11,2023-03-23 20:18:45
–°”Í,11,2023-03-23 20:48:41
–°”Í,11,2023-03-23 20:48:41
“ı,11,2023-03-23 21:18:11
“ı,11,2023-03-23 21:48:26
“ı,11,2023-03-23 21:48:26
–°”Í,10,2023-03-23 22:18:19
–°”Í,10,2023-03-23 22:48:14
–°”Í,10,2023-03-23 22:48:14
“ı,10,2023-03-23 23:18:43
“ı,12,2023-03-24 12:48:35
“ı,12,2023-03-24 12:48:35
“ı,12,2023-03-24 13:18:40
“ı,12,2023-03-24 13:48:40
“ı,12,2023-03-24 13:48:40
“ı,13,2023-03-24 14:18:21
“ı,13,2023-03-24 14:48:31
“ı,13,2023-03-24 14:48:31
“ı,13,2023-03-24 15:18:18
“ı,13,2023-03-24 15:48:13
“ı,13,2023-03-24 15:48:13
“ı,14,2023-03-24 16:18:42
“ı,14,2023-03-24 16:48:33
“ı,14,2023-03-24 16:48:33
“ı,13,2023-03-24 17:18:32
“ı,13,2023-03-24 17:48:35
“ı,13,2023-03-24 17:48:35
“ı,12,2023-03-24 18:18:25
“ı,12,2023-03-24 18:48:15
“ı,12,2023-03-24 18:48:15
“ı,11,2023-03-24 19:18:31
“ı,11,2023-03-24 19:48:32
“ı,11,2023-03-24 19:48:32
«Á,11,2023-03-24 20:18:41
«Á,11,2023-03-24 20:48:42
«Á,11,2023-03-24 20:48:42
“ı,10,2023-03-24 21:18:32
“ı,10,2023-03-24 21:48:39
“ı,10,2023-03-24 21:48:39
“ı,10,2023-03-24 22:18:22
“ı,10,2023-03-24 22:48:19
“ı,10,2023-03-24 22:48:19
“ı,9,2023-03-24 23:19:02
“ı,9,2023-03-24 23:48:21
“ı,9,2023-03-24 23:48:21
“ı,9,2023-03-25 00:18:43
“ı,9,2023-03-25 00:48:21
«Á,22,2023-04-11 19:04:07
«Á,21,2023-04-11 19:34:04
«Á,21,2023-04-11 20:04:04
«Á,21,2023-04-11 20:04:04
∂‡‘∆,21,2023-04-11 20:34:03
∂‡‘∆,20,2023-04-11 21:04:02
∂‡‘∆,20,2023-04-11 21:04:02
∂‡‘∆,19,2023-04-11 21:34:03
∂‡‘∆,19,2023-04-11 22:04:02
∂‡‘∆,19,2023-04-11 22:04:02
“ı,18,2023-04-11 22:34:05
“ı,18,2023-04-11 23:04:03
“ı,18,2023-04-11 23:04:03
“ı,18,2023-04-11 23:34:05
“ı,18,2023-04-12 00:04:04
“ı,18,2023-04-12 00:04:04
“ı,18,2023-04-12 00:34:02
“ı,18,2023-04-12 01:04:05
“ı,18,2023-04-12 01:04:05
“ı,18,2023-04-12 01:34:03
“ı,17,2023-04-12 02:04:02
“ı,17,2023-04-12 02:04:02
“ı,17,2023-04-12 02:34:02
“ı,17,2023-04-12 03:04:01
“ı,18,2023-04-12 11:04:02
“ı,18,2023-04-12 11:34:06
“ı,18,2023-04-12 11:34:06
“ı,19,2023-04-12 12:04:09
“ı,20,2023-04-12 12:34:03
“ı,20,2023-04-12 12:34:03
“ı,20,2023-04-12 13:04:03
“ı,21,2023-04-12 13:34:10
“ı,21,2023-04-12 13:34:10
“ı,21,2023-04-12 14:04:01
“ı,22,2023-04-12 14:34:09
“ı,22,2023-04-12 14:34:09
“ı,24,2023-04-12 15:04:02
“ı,24,2023-04-12 15:34:06
“ı,24,2023-04-12 15:34:06
“ı,23,2023-04-12 16:04:02
“ı,23,2023-04-12 16:34:05
“ı,23,2023-04-12 16:34:05
“ı,23,2023-04-12 17:04:05
“ı,23,2023-04-12 17:34:04
“ı,23,2023-04-12 17:34:04
“ı,23,2023-04-12 18:04:03
∂‡‘∆,22,2023-04-12 18:34:06
∂‡‘∆,22,2023-04-12 18:34:06
∂‡‘∆,22,2023-04-12 19:04:06
’Û”Í,22,2023-04-12 19:34:07
’Û”Í,22,2023-04-12 19:34:07
∂‡‘∆,21,2023-04-12 20:04:02
“ı,20,2023-04-12 20:34:06
“ı,20,2023-04-12 20:34:06
“ı,20,2023-04-12 21:04:03
“ı,19,2023-04-12 21:34:07
“ı,19,2023-04-12 21:34:07
“ı,19,2023-04-12 22:04:04
“ı,19,2023-04-12 22:34:05
“ı,19,2023-04-12 22:34:05
∂‡‘∆,17,2023-04-14 11:34:07
∂‡‘∆,17,2023-04-14 12:04:08
∂‡‘∆,17,2023-04-14 12:04:08
∂‡‘∆,17,2023-04-14 12:34:07
∂‡‘∆,19,2023-04-14 13:04:06
∂‡‘∆,19,2023-04-14 13:04:06
∂‡‘∆,19,2023-04-14 13:34:07
∂‡‘∆,20,2023-04-14 14:04:06
∂‡‘∆,20,2023-04-14 14:04:06
∂‡‘∆,21,2023-04-14 14:34:11
∂‡‘∆,18,2023-04-14 21:34:04
∂‡‘∆,18,2023-04-14 22:04:00
“ı,18,2023-04-14 22:34:05
“ı,18,2023-04-14 22:34:05
“ı,17,2023-04-14 23:04:02
“ı,17,2023-04-14 23:34:05
“ı,17,2023-04-14 23:34:05
“ı,17,2023-04-15 00:04:01
“ı,17,2023-04-15 00:34:05
“ı,17,2023-04-15 00:34:05
“ı,17,2023-04-15 01:04:02
–°”Í,16,2023-04-15 01:34:06
–°”Í,16,2023-04-15 01:34:06
–°”Í,16,2023-04-15 02:04:01
∂‡‘∆,18,2023-04-15 11:34:02
∂‡‘∆,18,2023-04-15 11:34:02
∂‡‘∆,19,2023-04-15 12:04:05
∂‡‘∆,19,2023-04-15 12:34:02
∂‡‘∆,19,2023-04-15 12:34:02
∂‡‘∆,20,2023-04-15 13:04:01
∂‡‘∆,23,2023-04-15 18:34:05
∂‡‘∆,22,2023-04-15 19:04:01
∂‡‘∆,22,2023-04-15 19:04:01
∂‡‘∆,22,2023-04-15 19:34:03
«Á,26,2023-04-16 19:34:02
«Á,26,2023-04-16 19:34:02
«Á,25,2023-04-16 20:04:02
«Á,25,2023-04-16 20:34:08
«Á,25,2023-04-16 20:34:08
«Á,24,2023-04-16 21:04:02
∂‡‘∆,24,2023-04-16 21:34:01
∂‡‘∆,24,2023-04-16 21:34:01
∂‡‘∆,23,2023-04-16 22:04:00
∂‡‘∆,23,2023-04-16 22:34:06
∂‡‘∆,23,2023-04-16 22:34:06
∂‡‘∆,22,2023-04-16 23:04:00
∂‡‘∆,22,2023-04-16 23:34:00
∂‡‘∆,22,2023-04-16 23:34:00
∂‡‘∆,22,2023-04-17 00:04:02
∂‡‘∆,25,2023-04-17 16:04:01
∂‡‘∆,25,2023-04-17 16:34:02
∂‡‘∆,25,2023-04-17 16:34:02
∂‡‘∆,25,2023-04-17 17:04:01
∂‡‘∆,24,2023-04-17 17:34:01
∂‡‘∆,24,2023-04-17 17:34:01
∂‡‘∆,24,2023-04-17 18:04:01
∂‡‘∆,23,2023-04-17 18:34:02
∂‡‘∆,23,2023-04-17 18:34:02
∂‡‘∆,22,2023-04-17 19:04:08
“ı,22,2023-04-17 19:34:08
“ı,22,2023-04-17 19:34:08
“ı,21,2023-04-17 20:04:01
“ı,21,2023-04-17 20:34:08
“ı,21,2023-04-17 20:34:08
“ı,21,2023-04-17 21:04:02
“ı,21,2023-04-17 21:34:02
“ı,21,2023-04-17 21:34:02
“ı,20,2023-04-17 22:04:01
“ı,20,2023-04-17 22:34:01
“ı,20,2023-04-17 22:34:01
“ı,20,2023-04-17 23:04:01
“ı,19,2023-04-17 23:34:09
“ı,19,2023-04-17 23:34:09
“ı,19,2023-04-18 00:04:01
“ı,19,2023-04-18 00:34:02
“ı,19,2023-04-18 00:34:02
“ı,19,2023-04-18 01:04:01
“ı,19,2023-04-18 01:34:02
“ı,19,2023-04-18 01:34:02
–°”Í,19,2023-04-18 02:04:01
–°”Í,19,2023-04-18 02:34:01
∂‡‘∆,23,2023-04-18 12:34:06
∂‡‘∆,24,2023-04-18 13:04:01
’Û”Í,25,2023-04-18 13:34:01
’Û”Í,25,2023-04-18 13:34:01
’Û”Í,25,2023-04-18 14:04:04
∂‡‘∆,25,2023-04-18 14:34:05
∂‡‘∆,25,2023-04-18 14:34:05
∂‡‘∆,26,2023-04-18 15:04:01
∂‡‘∆,26,2023-04-18 15:34:01
∂‡‘∆,26,2023-04-18 15:34:01
∂‡‘∆,26,2023-04-18 16:04:01
∂‡‘∆,26,2023-04-18 16:34:02
∂‡‘∆,26,2023-04-18 16:34:02
∂‡‘∆,26,2023-04-18 17:03:59
∂‡‘∆,25,2023-04-18 17:34:07
∂‡‘∆,25,2023-04-18 17:34:07
∂‡‘∆,25,2023-04-18 18:04:02
«Á,23,2023-04-18 18:34:01
«Á,23,2023-04-18 18:34:01
«Á,23,2023-04-18 19:04:08
«Á,22,2023-04-18 19:34:01
«Á,22,2023-04-18 19:34:01
«Á,22,2023-04-18 20:04:02
«Á,21,2023-04-18 20:34:07
«Á,21,2023-04-18 20:34:07
«Á,21,2023-04-18 21:04:03
«Á,20,2023-04-18 21:34:01
«Á,20,2023-04-18 21:34:01
«Á,20,2023-04-18 22:04:02
«Á,19,2023-04-18 22:34:11
«Á,19,2023-04-18 22:34:11
«Á,19,2023-04-18 23:04:01
«Á,19,2023-04-18 23:34:02
«Á,19,2023-04-18 23:34:02
«Á,19,2023-04-19 00:04:06
«Á,18,2023-04-19 00:34:02
«Á,18,2023-04-19 00:34:02
«Á,18,2023-04-19 01:04:01
«Á,17,2023-04-19 01:34:02
«Á,17,2023-04-19 01:34:02
«Á,25,2023-04-19 13:04:01
«Á,25,2023-04-19 13:34:03
«Á,25,2023-04-19 13:34:03
«Á,25,2023-04-19 14:04:01
«Á,26,2023-04-19 14:34:09
«Á,26,2023-04-19 14:34:09
«Á,27,2023-04-19 15:04:01
«Á,28,2023-04-19 15:34:08
«Á,28,2023-04-19 15:34:08
«Á,27,2023-04-19 16:04:00
«Á,27,2023-04-19 16:34:06
«Á,27,2023-04-19 16:34:06
«Á,27,2023-04-19 17:04:01
«Á,27,2023-04-19 17:34:02
«Á,27,2023-04-19 17:34:02
«Á,26,2023-04-19 18:04:00
“ı,25,2023-04-19 18:34:02
“ı,25,2023-04-19 18:34:02
«Á,24,2023-04-19 19:04:11
“ı,23,2023-04-19 19:34:10
“ı,23,2023-04-19 19:34:10
“ı,22,2023-04-19 20:04:01
∂‡‘∆,21,2023-04-19 20:34:02
∂‡‘∆,21,2023-04-19 20:34:02
∂‡‘∆,21,2023-04-19 21:04:01
∂‡‘∆,20,2023-04-19 21:34:06
∂‡‘∆,20,2023-04-19 21:34:06
∂‡‘∆,20,2023-04-19 22:04:01
«Á,20,2023-04-19 22:34:01
«Á,20,2023-04-19 22:34:01
«Á,19,2023-04-19 23:04:01
«Á,19,2023-04-19 23:34:00
«Á,19,2023-04-19 23:34:00
«Á,19,2023-04-20 00:04:00
«Á,18,2023-04-20 00:34:02
«Á,18,2023-04-20 00:34:02
“ı,21,2023-04-20 11:34:01
“ı,21,2023-04-20 12:04:05
“ı,21,2023-04-20 12:04:05
“ı,22,2023-04-20 12:34:03
“ı,22,2023-04-20 13:04:00
“ı,22,2023-04-20 13:04:00
“ı,23,2023-04-20 13:34:03
“ı,23,2023-04-20 14:04:01
“ı,23,2023-04-20 14:04:01
